,data,campanha,adset,anuncios,clicks,spends,conversao,CPL,CPC,impressoes,alcance,ROI
0,2023-03-01,Campanha A,Conjunto de Anuncio K,Anuncio S,650,425,0,,0.65,3800,5100,1
1,2023-03-01,Campanha A,Conjunto de Anuncio K,Anuncio T,1350,350,1250,0.28,0.26,3800,5400,0
2,2023-03-01,Campanha A,Conjunto de Anuncio K,Anuncio U,200,275,0,,1.38,4400,8650,1
3,2023-03-01,Campanha A,Conjunto de Anuncio L,Anuncio S,1200,300,550,0.55,0.25,4650,9100,1
4,2023-03-01,Campanha A,Conjunto de Anuncio L,Anuncio T,1100,250,0,,0.23,3800,5300,2
5,2023-03-01,Campanha A,Conjunto de Anuncio L,Anuncio U,600,400,0,,0.67,4850,8800,2
6,2023-03-01,Campanha A,Conjunto de Anuncio M,Anuncio S,1050,325,800,0.41,0.31,3250,8150,0
7,2023-03-01,Campanha A,Conjunto de Anuncio M,Anuncio T,1450,300,200,1.5,0.21,4750,7450,1
8,2023-03-01,Campanha A,Conjunto de Anuncio M,Anuncio U,1100,250,650,0.38,0.23,4000,7750,1
9,2023-03-01,Campanha B,Conjunto de Anuncio K,Anuncio S,350,350,0,,1.0,3000,6500,0
10,2023-03-01,Campanha B,Conjunto de Anuncio K,Anuncio T,1000,300,0,,0.3,3250,8500,2
11,2023-03-01,Campanha B,Conjunto de Anuncio K,Anuncio U,950,175,0,,0.18,4050,6750,0
12,2023-03-01,Campanha B,Conjunto de Anuncio L,Anuncio S,700,300,200,1.5,0.43,3850,9300,0
13,2023-03-01,Campanha B,Conjunto de Anuncio L,Anuncio T,1050,350,450,0.78,0.33,3400,9100,2
14,2023-03-01,Campanha B,Conjunto de Anuncio L,Anuncio U,600,250,0,,0.42,4150,8000,1
15,2023-03-01,Campanha B,Conjunto de Anuncio M,Anuncio S,1250,200,300,0.67,0.16,3000,6550,0
16,2023-03-01,Campanha B,Conjunto de Anuncio M,Anuncio T,1450,175,350,0.5,0.12,3150,6350,1
17,2023-03-01,Campanha B,Conjunto de Anuncio M,Anuncio U,450,375,150,2.5,0.83,3450,6900,1
18,2023-03-01,Campanha C,Conjunto de Anuncio K,Anuncio S,800,225,650,0.35,0.28,3750,7550,1
19,2023-03-01,Campanha C,Conjunto de Anuncio K,Anuncio T,850,200,0,,0.24,4800,7250,2
20,2023-03-01,Campanha C,Conjunto de Anuncio K,Anuncio U,250,250,0,,1.0,3650,8350,2
21,2023-03-01,Campanha C,Conjunto de Anuncio L,Anuncio S,500,400,0,,0.8,3500,8800,0
22,2023-03-01,Campanha C,Conjunto de Anuncio L,Anuncio T,700,300,0,,0.43,3750,5600,0
23,2023-03-01,Campanha C,Conjunto de Anuncio L,Anuncio U,400,400,0,,1.0,3900,8450,3
24,2023-03-01,Campanha C,Conjunto de Anuncio M,Anuncio S,1400,325,900,0.36,0.23,4550,8750,0
25,2023-03-01,Campanha C,Conjunto de Anuncio M,Anuncio T,900,175,0,,0.19,4700,7650,2
26,2023-03-01,Campanha C,Conjunto de Anuncio M,Anuncio U,300,400,0,,1.33,4150,5900,1
27,2023-03-01,Campanha D,Conjunto de Anuncio K,Anuncio S,1100,400,0,,0.36,3750,9950,2
28,2023-03-01,Campanha D,Conjunto de Anuncio K,Anuncio T,750,275,250,1.1,0.37,3950,6050,1
29,2023-03-01,Campanha D,Conjunto de Anuncio K,Anuncio U,500,225,0,,0.45,3500,8950,2
30,2023-03-01,Campanha D,Conjunto de Anuncio L,Anuncio S,450,175,0,,0.39,3400,5600,2
31,2023-03-01,Campanha D,Conjunto de Anuncio L,Anuncio T,800,425,0,,0.53,3350,7100,1
32,2023-03-01,Campanha D,Conjunto de Anuncio L,Anuncio U,700,325,0,,0.46,4250,7950,0
33,2023-03-01,Campanha D,Conjunto de Anuncio M,Anuncio S,1250,425,800,0.53,0.34,4550,5800,3
34,2023-03-01,Campanha D,Conjunto de Anuncio M,Anuncio T,850,275,0,,0.32,4650,7500,0
35,2023-03-01,Campanha D,Conjunto de Anuncio M,Anuncio U,100,425,0,,4.25,4100,9100,0
36,2023-03-01,Campanha E,Conjunto de Anuncio K,Anuncio S,1400,375,150,2.5,0.27,3950,8200,1
37,2023-03-01,Campanha E,Conjunto de Anuncio K,Anuncio T,350,375,0,,1.07,4450,6550,1
38,2023-03-01,Campanha E,Conjunto de Anuncio K,Anuncio U,350,150,0,,0.43,3850,8500,2
39,2023-03-01,Campanha E,Conjunto de Anuncio L,Anuncio S,600,250,100,2.5,0.42,4500,8850,0
40,2023-03-01,Campanha E,Conjunto de Anuncio L,Anuncio T,950,275,750,0.37,0.29,3750,6550,0
41,2023-03-01,Campanha E,Conjunto de Anuncio L,Anuncio U,100,150,0,,1.5,4900,9150,1
42,2023-03-01,Campanha E,Conjunto de Anuncio M,Anuncio S,300,250,0,,0.83,3700,9950,1
43,2023-03-01,Campanha E,Conjunto de Anuncio M,Anuncio T,200,175,0,,0.88,3250,8150,0
44,2023-03-01,Campanha E,Conjunto de Anuncio M,Anuncio U,550,175,0,,0.32,3400,7800,2
45,2023-03-02,Campanha A,Conjunto de Anuncio K,Anuncio S,700,350,500,0.7,0.5,4500,7700,2
46,2023-03-02,Campanha A,Conjunto de Anuncio K,Anuncio T,1300,175,950,0.18,0.13,4950,9050,0
47,2023-03-02,Campanha A,Conjunto de Anuncio K,Anuncio U,1400,400,850,0.47,0.29,3150,6250,1
48,2023-03-02,Campanha A,Conjunto de Anuncio L,Anuncio S,650,425,0,,0.65,3050,8800,1
49,2023-03-02,Campanha A,Conjunto de Anuncio L,Anuncio T,700,325,450,0.72,0.46,3050,7900,1
50,2023-03-02,Campanha A,Conjunto de Anuncio L,Anuncio U,900,150,0,,0.17,3400,5400,1
51,2023-03-02,Campanha A,Conjunto de Anuncio M,Anuncio S,750,150,0,,0.2,3850,8100,3
52,2023-03-02,Campanha A,Conjunto de Anuncio M,Anuncio T,400,175,0,,0.44,3100,8500,1
53,2023-03-02,Campanha A,Conjunto de Anuncio M,Anuncio U,400,250,0,,0.62,4000,6850,2
54,2023-03-02,Campanha B,Conjunto de Anuncio K,Anuncio S,1400,425,900,0.47,0.3,4900,7550,1
55,2023-03-02,Campanha B,Conjunto de Anuncio K,Anuncio T,1150,325,850,0.38,0.28,4550,6750,2
56,2023-03-02,Campanha B,Conjunto de Anuncio K,Anuncio U,250,250,0,,1.0,4950,8200,1
57,2023-03-02,Campanha B,Conjunto de Anuncio L,Anuncio S,200,375,0,,1.88,4000,9650,1
58,2023-03-02,Campanha B,Conjunto de Anuncio L,Anuncio T,1100,400,0,,0.36,3300,5350,2
59,2023-03-02,Campanha B,Conjunto de Anuncio L,Anuncio U,1050,325,900,0.36,0.31,3600,5250,1
60,2023-03-02,Campanha B,Conjunto de Anuncio M,Anuncio S,1000,350,200,1.75,0.35,3400,7200,0
61,2023-03-02,Campanha B,Conjunto de Anuncio M,Anuncio T,550,175,0,,0.32,3900,8750,1
62,2023-03-02,Campanha B,Conjunto de Anuncio M,Anuncio U,650,350,0,,0.54,3000,5950,3
63,2023-03-02,Campanha C,Conjunto de Anuncio K,Anuncio S,200,150,0,,0.75,4250,8000,1
64,2023-03-02,Campanha C,Conjunto de Anuncio K,Anuncio T,1150,250,250,1.0,0.22,3900,9000,0
65,2023-03-02,Campanha C,Conjunto de Anuncio K,Anuncio U,200,175,0,,0.88,3450,9100,2
66,2023-03-02,Campanha C,Conjunto de Anuncio L,Anuncio S,700,425,0,,0.61,4650,7250,2
67,2023-03-02,Campanha C,Conjunto de Anuncio L,Anuncio T,500,425,150,2.83,0.85,4150,5750,0
68,2023-03-02,Campanha C,Conjunto de Anuncio L,Anuncio U,1400,200,50,4.0,0.14,3400,5450,1
69,2023-03-02,Campanha C,Conjunto de Anuncio M,Anuncio S,950,300,0,,0.32,4250,5650,2
70,2023-03-02,Campanha C,Conjunto de Anuncio M,Anuncio T,1200,375,150,2.5,0.31,3900,8500,1
71,2023-03-02,Campanha C,Conjunto de Anuncio M,Anuncio U,300,225,0,,0.75,3400,5250,0
72,2023-03-02,Campanha D,Conjunto de Anuncio K,Anuncio S,100,425,0,,4.25,3400,7450,2
73,2023-03-02,Campanha D,Conjunto de Anuncio K,Anuncio T,750,375,500,0.75,0.5,3050,7800,0
74,2023-03-02,Campanha D,Conjunto de Anuncio K,Anuncio U,600,175,0,,0.29,3700,5550,0
75,2023-03-02,Campanha D,Conjunto de Anuncio L,Anuncio S,500,300,400,0.75,0.6,3400,5750,1
76,2023-03-02,Campanha D,Conjunto de Anuncio L,Anuncio T,650,175,0,,0.27,4000,6850,0
77,2023-03-02,Campanha D,Conjunto de Anuncio L,Anuncio U,1300,175,850,0.21,0.13,4400,9500,1
78,2023-03-02,Campanha D,Conjunto de Anuncio M,Anuncio S,400,175,0,,0.44,3900,7500,0
79,2023-03-02,Campanha D,Conjunto de Anuncio M,Anuncio T,950,350,0,,0.37,3150,9600,0
80,2023-03-02,Campanha D,Conjunto de Anuncio M,Anuncio U,600,175,0,,0.29,4700,7350,1
81,2023-03-02,Campanha E,Conjunto de Anuncio K,Anuncio S,350,250,0,,0.71,3350,9300,2
82,2023-03-02,Campanha E,Conjunto de Anuncio K,Anuncio T,1200,375,0,,0.31,3050,5750,0
83,2023-03-02,Campanha E,Conjunto de Anuncio K,Anuncio U,550,350,0,,0.64,4100,7350,2
84,2023-03-02,Campanha E,Conjunto de Anuncio L,Anuncio S,700,175,0,,0.25,3850,7650,2
85,2023-03-02,Campanha E,Conjunto de Anuncio L,Anuncio T,150,425,0,,2.83,4550,5400,1
86,2023-03-02,Campanha E,Conjunto de Anuncio L,Anuncio U,1000,175,0,,0.18,3500,9050,2
87,2023-03-02,Campanha E,Conjunto de Anuncio M,Anuncio S,500,275,0,,0.55,4350,6750,1
88,2023-03-02,Campanha E,Conjunto de Anuncio M,Anuncio T,450,225,0,,0.5,4900,6800,0
89,2023-03-02,Campanha E,Conjunto de Anuncio M,Anuncio U,1050,400,900,0.44,0.38,3300,8950,1
90,2023-03-03,Campanha A,Conjunto de Anuncio K,Anuncio S,1450,425,400,1.06,0.29,4450,8600,2
91,2023-03-03,Campanha A,Conjunto de Anuncio K,Anuncio T,550,400,300,1.33,0.73,4050,8350,2
92,2023-03-03,Campanha A,Conjunto de Anuncio K,Anuncio U,350,350,0,,1.0,3900,5050,0
93,2023-03-03,Campanha A,Conjunto de Anuncio L,Anuncio S,1150,250,150,1.67,0.22,4850,5700,2
94,2023-03-03,Campanha A,Conjunto de Anuncio L,Anuncio T,150,325,0,,2.17,4200,7900,0
95,2023-03-03,Campanha A,Conjunto de Anuncio L,Anuncio U,400,150,0,,0.38,3950,5650,0
96,2023-03-03,Campanha A,Conjunto de Anuncio M,Anuncio S,750,300,0,,0.4,4650,7900,2
97,2023-03-03,Campanha A,Conjunto de Anuncio M,Anuncio T,600,250,0,,0.42,4300,9050,0
98,2023-03-03,Campanha A,Conjunto de Anuncio M,Anuncio U,750,375,500,0.75,0.5,4900,7200,2
99,2023-03-03,Campanha B,Conjunto de Anuncio K,Anuncio S,1400,175,1200,0.15,0.12,4450,7150,2
100,2023-03-03,Campanha B,Conjunto de Anuncio K,Anuncio T,700,175,100,1.75,0.25,3150,5900,0
101,2023-03-03,Campanha B,Conjunto de Anuncio K,Anuncio U,600,400,50,8.0,0.67,3800,9500,2
102,2023-03-03,Campanha B,Conjunto de Anuncio L,Anuncio S,300,150,150,1.0,0.5,4100,8350,1
103,2023-03-03,Campanha B,Conjunto de Anuncio L,Anuncio T,750,250,0,,0.33,4050,7100,2
104,2023-03-03,Campanha B,Conjunto de Anuncio L,Anuncio U,900,275,0,,0.31,3900,6400,0
105,2023-03-03,Campanha B,Conjunto de Anuncio M,Anuncio S,1050,225,450,0.5,0.21,3800,8600,2
106,2023-03-03,Campanha B,Conjunto de Anuncio M,Anuncio T,1000,325,0,,0.32,3300,6750,1
107,2023-03-03,Campanha B,Conjunto de Anuncio M,Anuncio U,1400,250,0,,0.18,4150,9300,0
108,2023-03-03,Campanha C,Conjunto de Anuncio K,Anuncio S,100,425,0,,4.25,4700,5700,0
109,2023-03-03,Campanha C,Conjunto de Anuncio K,Anuncio T,150,350,0,,2.33,4950,5550,2
110,2023-03-03,Campanha C,Conjunto de Anuncio K,Anuncio U,150,425,0,,2.83,3500,9400,1
111,2023-03-03,Campanha C,Conjunto de Anuncio L,Anuncio S,500,175,0,,0.35,4950,5500,0
112,2023-03-03,Campanha C,Conjunto de Anuncio L,Anuncio T,350,150,0,,0.43,3950,5100,2
113,2023-03-03,Campanha C,Conjunto de Anuncio L,Anuncio U,400,275,0,,0.69,4300,7500,1
114,2023-03-03,Campanha C,Conjunto de Anuncio M,Anuncio S,1400,400,1000,0.4,0.29,4100,6450,0
115,2023-03-03,Campanha C,Conjunto de Anuncio M,Anuncio T,700,150,0,,0.21,3900,8800,3
116,2023-03-03,Campanha C,Conjunto de Anuncio M,Anuncio U,700,425,0,,0.61,3200,9800,0
117,2023-03-03,Campanha D,Conjunto de Anuncio K,Anuncio S,1000,175,0,,0.18,4750,7300,1
118,2023-03-03,Campanha D,Conjunto de Anuncio K,Anuncio T,800,150,0,,0.19,3350,8250,1
119,2023-03-03,Campanha D,Conjunto de Anuncio K,Anuncio U,500,300,0,,0.6,3300,8700,0
120,2023-03-03,Campanha D,Conjunto de Anuncio L,Anuncio S,950,175,550,0.32,0.18,3850,9950,1
121,2023-03-03,Campanha D,Conjunto de Anuncio L,Anuncio T,550,350,0,,0.64,3000,7550,0
122,2023-03-03,Campanha D,Conjunto de Anuncio L,Anuncio U,1150,200,0,,0.17,3800,5750,2
123,2023-03-03,Campanha D,Conjunto de Anuncio M,Anuncio S,600,400,0,,0.67,4900,5200,2
124,2023-03-03,Campanha D,Conjunto de Anuncio M,Anuncio T,950,175,0,,0.18,4850,7600,3
125,2023-03-03,Campanha D,Conjunto de Anuncio M,Anuncio U,650,325,450,0.72,0.5,3250,9700,0
126,2023-03-03,Campanha E,Conjunto de Anuncio K,Anuncio S,350,325,0,,0.93,4200,9000,2
127,2023-03-03,Campanha E,Conjunto de Anuncio K,Anuncio T,300,350,0,,1.17,3600,6600,1
128,2023-03-03,Campanha E,Conjunto de Anuncio K,Anuncio U,1100,200,0,,0.18,3950,9150,1
129,2023-03-03,Campanha E,Conjunto de Anuncio L,Anuncio S,200,350,0,,1.75,3850,8800,0
130,2023-03-03,Campanha E,Conjunto de Anuncio L,Anuncio T,950,200,650,0.31,0.21,3550,8100,2
131,2023-03-03,Campanha E,Conjunto de Anuncio L,Anuncio U,1050,425,650,0.65,0.4,3650,9100,1
132,2023-03-03,Campanha E,Conjunto de Anuncio M,Anuncio S,400,350,0,,0.88,3800,9900,0
133,2023-03-03,Campanha E,Conjunto de Anuncio M,Anuncio T,250,275,0,,1.1,4450,8600,0
134,2023-03-03,Campanha E,Conjunto de Anuncio M,Anuncio U,750,350,600,0.58,0.47,3800,6950,0
135,2023-03-04,Campanha A,Conjunto de Anuncio K,Anuncio S,100,350,0,,3.5,4150,6750,1
136,2023-03-04,Campanha A,Conjunto de Anuncio K,Anuncio T,950,275,0,,0.29,4550,5700,1
137,2023-03-04,Campanha A,Conjunto de Anuncio K,Anuncio U,200,425,0,,2.12,4100,8500,1
138,2023-03-04,Campanha A,Conjunto de Anuncio L,Anuncio S,1000,375,0,,0.38,3600,6050,2
139,2023-03-04,Campanha A,Conjunto de Anuncio L,Anuncio T,200,375,0,,1.88,4550,8250,0
140,2023-03-04,Campanha A,Conjunto de Anuncio L,Anuncio U,200,200,0,,1.0,4850,9200,1
141,2023-03-04,Campanha A,Conjunto de Anuncio M,Anuncio S,200,250,0,,1.25,3700,5000,2
142,2023-03-04,Campanha A,Conjunto de Anuncio M,Anuncio T,1350,375,0,,0.28,3500,8950,1
143,2023-03-04,Campanha A,Conjunto de Anuncio M,Anuncio U,150,400,0,,2.67,4150,9000,2
144,2023-03-04,Campanha B,Conjunto de Anuncio K,Anuncio S,850,325,0,,0.38,4800,7200,2
145,2023-03-04,Campanha B,Conjunto de Anuncio K,Anuncio T,1150,200,1000,0.2,0.17,4400,7050,3
146,2023-03-04,Campanha B,Conjunto de Anuncio K,Anuncio U,1300,325,0,,0.25,4550,9600,0
147,2023-03-04,Campanha B,Conjunto de Anuncio L,Anuncio S,700,400,0,,0.57,4500,7700,0
148,2023-03-04,Campanha B,Conjunto de Anuncio L,Anuncio T,700,150,500,0.3,0.21,4100,5350,1
149,2023-03-04,Campanha B,Conjunto de Anuncio L,Anuncio U,100,250,0,,2.5,3700,7450,2
150,2023-03-04,Campanha B,Conjunto de Anuncio M,Anuncio S,1050,350,600,0.58,0.33,3150,6200,2
151,2023-03-04,Campanha B,Conjunto de Anuncio M,Anuncio T,1000,150,650,0.23,0.15,4400,5100,2
152,2023-03-04,Campanha B,Conjunto de Anuncio M,Anuncio U,1450,425,500,0.85,0.29,3450,6550,2
153,2023-03-04,Campanha C,Conjunto de Anuncio K,Anuncio S,500,150,50,3.0,0.3,3650,7400,0
154,2023-03-04,Campanha C,Conjunto de Anuncio K,Anuncio T,1300,350,0,,0.27,4850,9150,0
155,2023-03-04,Campanha C,Conjunto de Anuncio K,Anuncio U,800,275,400,0.69,0.34,3200,9650,3
156,2023-03-04,Campanha C,Conjunto de Anuncio L,Anuncio S,350,225,0,,0.64,3200,6400,3
157,2023-03-04,Campanha C,Conjunto de Anuncio L,Anuncio T,600,275,0,,0.46,3700,6900,0
158,2023-03-04,Campanha C,Conjunto de Anuncio L,Anuncio U,550,300,0,,0.55,4350,9250,0
159,2023-03-04,Campanha C,Conjunto de Anuncio M,Anuncio S,1050,300,0,,0.29,3050,7400,2
160,2023-03-04,Campanha C,Conjunto de Anuncio M,Anuncio T,450,275,50,5.5,0.61,3700,8850,1
161,2023-03-04,Campanha C,Conjunto de Anuncio M,Anuncio U,1050,425,950,0.45,0.4,4150,6250,1
162,2023-03-04,Campanha D,Conjunto de Anuncio K,Anuncio S,1150,250,0,,0.22,4050,8850,2
163,2023-03-04,Campanha D,Conjunto de Anuncio K,Anuncio T,1150,400,200,2.0,0.35,4300,6250,1
164,2023-03-04,Campanha D,Conjunto de Anuncio K,Anuncio U,450,175,0,,0.39,4450,6100,2
165,2023-03-04,Campanha D,Conjunto de Anuncio L,Anuncio S,850,250,0,,0.29,3750,9150,2
166,2023-03-04,Campanha D,Conjunto de Anuncio L,Anuncio T,100,375,0,,3.75,3000,9700,1
167,2023-03-04,Campanha D,Conjunto de Anuncio L,Anuncio U,400,150,50,3.0,0.38,4550,7350,0
168,2023-03-04,Campanha D,Conjunto de Anuncio M,Anuncio S,400,250,100,2.5,0.62,4800,6050,2
169,2023-03-04,Campanha D,Conjunto de Anuncio M,Anuncio T,1000,300,0,,0.3,4000,7600,2
170,2023-03-04,Campanha D,Conjunto de Anuncio M,Anuncio U,400,225,0,,0.56,4600,7700,0
171,2023-03-04,Campanha E,Conjunto de Anuncio K,Anuncio S,1300,200,300,0.67,0.15,3700,6650,1
172,2023-03-04,Campanha E,Conjunto de Anuncio K,Anuncio T,450,150,0,,0.33,3400,7300,0
173,2023-03-04,Campanha E,Conjunto de Anuncio K,Anuncio U,750,400,0,,0.53,4800,7200,0
174,2023-03-04,Campanha E,Conjunto de Anuncio L,Anuncio S,100,350,0,,3.5,3550,7300,1
175,2023-03-04,Campanha E,Conjunto de Anuncio L,Anuncio T,350,425,250,1.7,1.21,3550,5800,2
176,2023-03-04,Campanha E,Conjunto de Anuncio L,Anuncio U,1050,375,0,,0.36,3400,8550,2
177,2023-03-04,Campanha E,Conjunto de Anuncio M,Anuncio S,1400,400,150,2.67,0.29,4950,9000,0
178,2023-03-04,Campanha E,Conjunto de Anuncio M,Anuncio T,700,250,0,,0.36,3750,5450,0
179,2023-03-04,Campanha E,Conjunto de Anuncio M,Anuncio U,550,275,0,,0.5,3500,6500,1
180,2023-03-05,Campanha A,Conjunto de Anuncio K,Anuncio S,1350,150,300,0.5,0.11,3000,7250,0
181,2023-03-05,Campanha A,Conjunto de Anuncio K,Anuncio T,1350,375,0,,0.28,3100,6850,1
182,2023-03-05,Campanha A,Conjunto de Anuncio K,Anuncio U,150,325,0,,2.17,3550,8550,0
183,2023-03-05,Campanha A,Conjunto de Anuncio L,Anuncio S,700,350,0,,0.5,4750,6350,1
184,2023-03-05,Campanha A,Conjunto de Anuncio L,Anuncio T,1400,375,450,0.83,0.27,3300,7700,2
185,2023-03-05,Campanha A,Conjunto de Anuncio L,Anuncio U,250,300,0,,1.2,3250,5700,2
186,2023-03-05,Campanha A,Conjunto de Anuncio M,Anuncio S,1050,225,0,,0.21,4850,7550,0
187,2023-03-05,Campanha A,Conjunto de Anuncio M,Anuncio T,1200,250,0,,0.21,3750,8400,1
188,2023-03-05,Campanha A,Conjunto de Anuncio M,Anuncio U,250,375,0,,1.5,4800,6100,0
189,2023-03-05,Campanha B,Conjunto de Anuncio K,Anuncio S,1100,325,0,,0.3,3950,9550,2
190,2023-03-05,Campanha B,Conjunto de Anuncio K,Anuncio T,850,225,100,2.25,0.26,3550,7100,2
191,2023-03-05,Campanha B,Conjunto de Anuncio K,Anuncio U,200,400,0,,2.0,4300,6250,3
192,2023-03-05,Campanha B,Conjunto de Anuncio L,Anuncio S,300,400,150,2.67,1.33,4500,9100,0
193,2023-03-05,Campanha B,Conjunto de Anuncio L,Anuncio T,800,150,0,,0.19,3350,9400,2
194,2023-03-05,Campanha B,Conjunto de Anuncio L,Anuncio U,600,275,0,,0.46,4750,6400,0
195,2023-03-05,Campanha B,Conjunto de Anuncio M,Anuncio S,250,350,0,,1.4,3650,6350,3
196,2023-03-05,Campanha B,Conjunto de Anuncio M,Anuncio T,350,325,50,6.5,0.93,4450,5500,0
197,2023-03-05,Campanha B,Conjunto de Anuncio M,Anuncio U,1250,225,1100,0.2,0.18,4600,8250,3
198,2023-03-05,Campanha C,Conjunto de Anuncio K,Anuncio S,1100,200,850,0.24,0.18,4600,7050,2
199,2023-03-05,Campanha C,Conjunto de Anuncio K,Anuncio T,1350,225,850,0.26,0.17,3050,7950,0
200,2023-03-05,Campanha C,Conjunto de Anuncio K,Anuncio U,1400,300,0,,0.21,4100,6050,1
201,2023-03-05,Campanha C,Conjunto de Anuncio L,Anuncio S,1100,400,50,8.0,0.36,3300,9500,3
202,2023-03-05,Campanha C,Conjunto de Anuncio L,Anuncio T,250,275,150,1.83,1.1,4650,8800,2
203,2023-03-05,Campanha C,Conjunto de Anuncio L,Anuncio U,400,300,0,,0.75,3250,6950,2
204,2023-03-05,Campanha C,Conjunto de Anuncio M,Anuncio S,950,425,0,,0.45,4050,5000,0
205,2023-03-05,Campanha C,Conjunto de Anuncio M,Anuncio T,1000,275,450,0.61,0.28,3850,5950,0
206,2023-03-05,Campanha C,Conjunto de Anuncio M,Anuncio U,650,325,0,,0.5,4300,6850,1
207,2023-03-05,Campanha D,Conjunto de Anuncio K,Anuncio S,450,250,0,,0.56,4450,8650,3
208,2023-03-05,Campanha D,Conjunto de Anuncio K,Anuncio T,250,175,0,,0.7,3850,7100,0
209,2023-03-05,Campanha D,Conjunto de Anuncio K,Anuncio U,200,175,0,,0.88,4900,9300,0
210,2023-03-05,Campanha D,Conjunto de Anuncio L,Anuncio S,600,175,0,,0.29,4200,5900,1
211,2023-03-05,Campanha D,Conjunto de Anuncio L,Anuncio T,1350,325,0,,0.24,4750,6600,1
212,2023-03-05,Campanha D,Conjunto de Anuncio L,Anuncio U,1050,425,850,0.5,0.4,3550,6100,2
213,2023-03-05,Campanha D,Conjunto de Anuncio M,Anuncio S,1050,325,550,0.59,0.31,3000,7000,1
214,2023-03-05,Campanha D,Conjunto de Anuncio M,Anuncio T,150,275,0,,1.83,4300,9450,1
215,2023-03-05,Campanha D,Conjunto de Anuncio M,Anuncio U,1100,225,300,0.75,0.2,4300,7650,0
216,2023-03-05,Campanha E,Conjunto de Anuncio K,Anuncio S,750,300,0,,0.4,4200,7300,2
217,2023-03-05,Campanha E,Conjunto de Anuncio K,Anuncio T,500,175,0,,0.35,3900,9700,1
218,2023-03-05,Campanha E,Conjunto de Anuncio K,Anuncio U,1250,150,0,,0.12,3350,9900,1
219,2023-03-05,Campanha E,Conjunto de Anuncio L,Anuncio S,200,225,0,,1.12,3850,6600,1
220,2023-03-05,Campanha E,Conjunto de Anuncio L,Anuncio T,150,300,0,,2.0,3900,6600,2
221,2023-03-05,Campanha E,Conjunto de Anuncio L,Anuncio U,1300,250,0,,0.19,4250,8450,0
222,2023-03-05,Campanha E,Conjunto de Anuncio M,Anuncio S,1000,225,600,0.38,0.22,3650,5900,2
223,2023-03-05,Campanha E,Conjunto de Anuncio M,Anuncio T,1050,225,0,,0.21,4950,9750,2
224,2023-03-05,Campanha E,Conjunto de Anuncio M,Anuncio U,1200,150,150,1.0,0.12,3450,9750,3
225,2023-03-06,Campanha A,Conjunto de Anuncio K,Anuncio S,1200,400,100,4.0,0.33,4300,5400,1
226,2023-03-06,Campanha A,Conjunto de Anuncio K,Anuncio T,1400,375,0,,0.27,4250,9300,0
227,2023-03-06,Campanha A,Conjunto de Anuncio K,Anuncio U,1050,225,0,,0.21,3100,5050,0
228,2023-03-06,Campanha A,Conjunto de Anuncio L,Anuncio S,750,425,0,,0.57,4300,9400,1
229,2023-03-06,Campanha A,Conjunto de Anuncio L,Anuncio T,1450,200,700,0.29,0.14,4350,6850,1
230,2023-03-06,Campanha A,Conjunto de Anuncio L,Anuncio U,1200,250,600,0.42,0.21,4700,7600,2
231,2023-03-06,Campanha A,Conjunto de Anuncio M,Anuncio S,800,275,0,,0.34,4600,7500,0
232,2023-03-06,Campanha A,Conjunto de Anuncio M,Anuncio T,400,425,0,,1.06,3500,9050,1
233,2023-03-06,Campanha A,Conjunto de Anuncio M,Anuncio U,150,225,0,,1.5,4200,7250,0
234,2023-03-06,Campanha B,Conjunto de Anuncio K,Anuncio S,950,400,0,,0.42,3350,6800,2
235,2023-03-06,Campanha B,Conjunto de Anuncio K,Anuncio T,100,275,0,,2.75,3700,8550,2
236,2023-03-06,Campanha B,Conjunto de Anuncio K,Anuncio U,1300,250,550,0.45,0.19,4150,6250,1
237,2023-03-06,Campanha B,Conjunto de Anuncio L,Anuncio S,500,400,50,8.0,0.8,4400,8000,3
238,2023-03-06,Campanha B,Conjunto de Anuncio L,Anuncio T,550,350,0,,0.64,4450,6150,1
239,2023-03-06,Campanha B,Conjunto de Anuncio L,Anuncio U,450,200,0,,0.44,4000,6100,0
240,2023-03-06,Campanha B,Conjunto de Anuncio M,Anuncio S,400,250,0,,0.62,3050,8300,2
241,2023-03-06,Campanha B,Conjunto de Anuncio M,Anuncio T,200,400,0,,2.0,4800,5150,1
242,2023-03-06,Campanha B,Conjunto de Anuncio M,Anuncio U,550,350,0,,0.64,3650,9000,1
243,2023-03-06,Campanha C,Conjunto de Anuncio K,Anuncio S,250,150,0,,0.6,4300,8500,0
244,2023-03-06,Campanha C,Conjunto de Anuncio K,Anuncio T,650,175,0,,0.27,3450,9250,2
245,2023-03-06,Campanha C,Conjunto de Anuncio K,Anuncio U,400,425,150,2.83,1.06,3500,9550,0
246,2023-03-06,Campanha C,Conjunto de Anuncio L,Anuncio S,1350,350,0,,0.26,3950,6400,0
247,2023-03-06,Campanha C,Conjunto de Anuncio L,Anuncio T,150,275,0,,1.83,3800,5700,0
248,2023-03-06,Campanha C,Conjunto de Anuncio L,Anuncio U,1300,300,350,0.86,0.23,3250,8800,1
249,2023-03-06,Campanha C,Conjunto de Anuncio M,Anuncio S,1200,150,300,0.5,0.12,4100,8750,1
250,2023-03-06,Campanha C,Conjunto de Anuncio M,Anuncio T,800,375,0,,0.47,3850,6000,1
251,2023-03-06,Campanha C,Conjunto de Anuncio M,Anuncio U,1250,375,0,,0.3,4700,5150,1
252,2023-03-06,Campanha D,Conjunto de Anuncio K,Anuncio S,1400,425,150,2.83,0.3,3400,8100,0
253,2023-03-06,Campanha D,Conjunto de Anuncio K,Anuncio T,550,425,0,,0.77,4000,7200,2
254,2023-03-06,Campanha D,Conjunto de Anuncio K,Anuncio U,850,250,600,0.42,0.29,3250,7900,0
255,2023-03-06,Campanha D,Conjunto de Anuncio L,Anuncio S,1400,200,0,,0.14,3850,9200,0
256,2023-03-06,Campanha D,Conjunto de Anuncio L,Anuncio T,1350,225,1150,0.2,0.17,3200,8500,2
257,2023-03-06,Campanha D,Conjunto de Anuncio L,Anuncio U,750,150,0,,0.2,3600,9850,2
258,2023-03-06,Campanha D,Conjunto de Anuncio M,Anuncio S,1050,325,900,0.36,0.31,3250,8600,1
259,2023-03-06,Campanha D,Conjunto de Anuncio M,Anuncio T,150,150,0,,1.0,3850,6150,2
260,2023-03-06,Campanha D,Conjunto de Anuncio M,Anuncio U,850,225,50,4.5,0.26,3250,5000,2
261,2023-03-06,Campanha E,Conjunto de Anuncio K,Anuncio S,950,225,0,,0.24,3050,9650,1
262,2023-03-06,Campanha E,Conjunto de Anuncio K,Anuncio T,1150,425,900,0.47,0.37,3750,6550,1
263,2023-03-06,Campanha E,Conjunto de Anuncio K,Anuncio U,700,425,250,1.7,0.61,4950,6700,2
264,2023-03-06,Campanha E,Conjunto de Anuncio L,Anuncio S,1350,375,350,1.07,0.28,4000,6550,3
265,2023-03-06,Campanha E,Conjunto de Anuncio L,Anuncio T,1450,300,500,0.6,0.21,4200,5450,0
266,2023-03-06,Campanha E,Conjunto de Anuncio L,Anuncio U,550,375,0,,0.68,4300,9450,2
267,2023-03-06,Campanha E,Conjunto de Anuncio M,Anuncio S,150,425,0,,2.83,4100,7100,1
268,2023-03-06,Campanha E,Conjunto de Anuncio M,Anuncio T,400,175,0,,0.44,4700,5650,2
269,2023-03-06,Campanha E,Conjunto de Anuncio M,Anuncio U,900,175,500,0.35,0.19,3600,5300,1
270,2023-03-07,Campanha A,Conjunto de Anuncio K,Anuncio S,800,250,0,,0.31,4750,9750,1
271,2023-03-07,Campanha A,Conjunto de Anuncio K,Anuncio T,600,350,0,,0.58,3950,7800,0
272,2023-03-07,Campanha A,Conjunto de Anuncio K,Anuncio U,600,400,0,,0.67,3500,8500,0
273,2023-03-07,Campanha A,Conjunto de Anuncio L,Anuncio S,550,300,0,,0.55,3750,9650,2
274,2023-03-07,Campanha A,Conjunto de Anuncio L,Anuncio T,350,200,0,,0.57,4300,7350,2
275,2023-03-07,Campanha A,Conjunto de Anuncio L,Anuncio U,950,350,0,,0.37,3450,5000,2
276,2023-03-07,Campanha A,Conjunto de Anuncio M,Anuncio S,450,200,200,1.0,0.44,3350,6600,2
277,2023-03-07,Campanha A,Conjunto de Anuncio M,Anuncio T,500,150,0,,0.3,4900,8550,0
278,2023-03-07,Campanha A,Conjunto de Anuncio M,Anuncio U,350,400,0,,1.14,4700,7050,1
279,2023-03-07,Campanha B,Conjunto de Anuncio K,Anuncio S,500,250,0,,0.5,3800,6500,1
280,2023-03-07,Campanha B,Conjunto de Anuncio K,Anuncio T,900,375,700,0.54,0.42,3300,5300,2
281,2023-03-07,Campanha B,Conjunto de Anuncio K,Anuncio U,100,350,0,,3.5,3850,7650,0
282,2023-03-07,Campanha B,Conjunto de Anuncio L,Anuncio S,450,250,150,1.67,0.56,4400,5850,1
283,2023-03-07,Campanha B,Conjunto de Anuncio L,Anuncio T,200,375,0,,1.88,3700,5050,3
284,2023-03-07,Campanha B,Conjunto de Anuncio L,Anuncio U,750,400,600,0.67,0.53,3350,8500,0
285,2023-03-07,Campanha B,Conjunto de Anuncio M,Anuncio S,850,350,0,,0.41,4300,9650,2
286,2023-03-07,Campanha B,Conjunto de Anuncio M,Anuncio T,300,225,0,,0.75,3400,8600,1
287,2023-03-07,Campanha B,Conjunto de Anuncio M,Anuncio U,500,250,0,,0.5,3850,7350,2
288,2023-03-07,Campanha C,Conjunto de Anuncio K,Anuncio S,750,225,0,,0.3,3700,5850,1
289,2023-03-07,Campanha C,Conjunto de Anuncio K,Anuncio T,1450,400,0,,0.28,3450,7000,1
290,2023-03-07,Campanha C,Conjunto de Anuncio K,Anuncio U,800,150,0,,0.19,4000,8450,1
291,2023-03-07,Campanha C,Conjunto de Anuncio L,Anuncio S,1000,400,0,,0.4,4350,5750,0
292,2023-03-07,Campanha C,Conjunto de Anuncio L,Anuncio T,1300,300,0,,0.23,3300,9600,0
293,2023-03-07,Campanha C,Conjunto de Anuncio L,Anuncio U,1350,300,1200,0.25,0.22,3900,9900,0
294,2023-03-07,Campanha C,Conjunto de Anuncio M,Anuncio S,400,200,0,,0.5,4150,5600,1
295,2023-03-07,Campanha C,Conjunto de Anuncio M,Anuncio T,550,425,0,,0.77,4750,7150,1
296,2023-03-07,Campanha C,Conjunto de Anuncio M,Anuncio U,850,425,700,0.61,0.5,4000,7500,0
297,2023-03-07,Campanha D,Conjunto de Anuncio K,Anuncio S,1400,175,1000,0.18,0.12,3000,8600,3
298,2023-03-07,Campanha D,Conjunto de Anuncio K,Anuncio T,1000,200,0,,0.2,4400,7800,2
299,2023-03-07,Campanha D,Conjunto de Anuncio K,Anuncio U,1150,300,50,6.0,0.26,3300,7650,2
300,2023-03-07,Campanha D,Conjunto de Anuncio L,Anuncio S,800,250,700,0.36,0.31,3550,7350,3
301,2023-03-07,Campanha D,Conjunto de Anuncio L,Anuncio T,650,175,0,,0.27,3000,8200,2
302,2023-03-07,Campanha D,Conjunto de Anuncio L,Anuncio U,1000,175,0,,0.18,4500,6450,1
303,2023-03-07,Campanha D,Conjunto de Anuncio M,Anuncio S,650,175,100,1.75,0.27,3800,5350,1
304,2023-03-07,Campanha D,Conjunto de Anuncio M,Anuncio T,1100,300,450,0.67,0.27,3650,7850,0
305,2023-03-07,Campanha D,Conjunto de Anuncio M,Anuncio U,1000,350,0,,0.35,4750,8950,1
306,2023-03-07,Campanha E,Conjunto de Anuncio K,Anuncio S,1000,325,0,,0.32,3400,6150,0
307,2023-03-07,Campanha E,Conjunto de Anuncio K,Anuncio T,1350,300,550,0.55,0.22,3100,7400,2
308,2023-03-07,Campanha E,Conjunto de Anuncio K,Anuncio U,450,400,0,,0.89,3000,8600,2
309,2023-03-07,Campanha E,Conjunto de Anuncio L,Anuncio S,1100,300,0,,0.27,4800,8400,0
310,2023-03-07,Campanha E,Conjunto de Anuncio L,Anuncio T,700,150,0,,0.21,4500,8750,1
311,2023-03-07,Campanha E,Conjunto de Anuncio L,Anuncio U,500,350,0,,0.7,3400,9550,2
312,2023-03-07,Campanha E,Conjunto de Anuncio M,Anuncio S,600,400,0,,0.67,4950,5250,2
313,2023-03-07,Campanha E,Conjunto de Anuncio M,Anuncio T,350,200,0,,0.57,4250,7850,0
314,2023-03-07,Campanha E,Conjunto de Anuncio M,Anuncio U,150,225,0,,1.5,4550,8400,2
315,2023-03-08,Campanha A,Conjunto de Anuncio K,Anuncio S,450,200,0,,0.44,4350,7300,2
316,2023-03-08,Campanha A,Conjunto de Anuncio K,Anuncio T,150,350,0,,2.33,3450,5750,1
317,2023-03-08,Campanha A,Conjunto de Anuncio K,Anuncio U,1250,225,0,,0.18,3800,6300,0
318,2023-03-08,Campanha A,Conjunto de Anuncio L,Anuncio S,1400,225,0,,0.16,4400,7550,0
319,2023-03-08,Campanha A,Conjunto de Anuncio L,Anuncio T,550,150,400,0.38,0.27,4550,5200,2
320,2023-03-08,Campanha A,Conjunto de Anuncio L,Anuncio U,800,350,0,,0.44,3400,7650,1
321,2023-03-08,Campanha A,Conjunto de Anuncio M,Anuncio S,350,400,0,,1.14,4200,6950,2
322,2023-03-08,Campanha A,Conjunto de Anuncio M,Anuncio T,100,425,0,,4.25,3150,8300,2
323,2023-03-08,Campanha A,Conjunto de Anuncio M,Anuncio U,1300,200,0,,0.15,4050,8300,1
324,2023-03-08,Campanha B,Conjunto de Anuncio K,Anuncio S,500,325,0,,0.65,3900,6100,0
325,2023-03-08,Campanha B,Conjunto de Anuncio K,Anuncio T,400,425,0,,1.06,4700,9700,2
326,2023-03-08,Campanha B,Conjunto de Anuncio K,Anuncio U,1250,425,0,,0.34,3300,9950,1
327,2023-03-08,Campanha B,Conjunto de Anuncio L,Anuncio S,1300,225,800,0.28,0.17,3750,8050,2
328,2023-03-08,Campanha B,Conjunto de Anuncio L,Anuncio T,750,300,0,,0.4,4600,7800,2
329,2023-03-08,Campanha B,Conjunto de Anuncio L,Anuncio U,1150,225,0,,0.2,3250,8850,1
330,2023-03-08,Campanha B,Conjunto de Anuncio M,Anuncio S,1100,250,0,,0.23,3300,9650,1
331,2023-03-08,Campanha B,Conjunto de Anuncio M,Anuncio T,1200,300,1050,0.29,0.25,3050,5200,0
332,2023-03-08,Campanha B,Conjunto de Anuncio M,Anuncio U,1350,150,650,0.23,0.11,3650,7000,1
333,2023-03-08,Campanha C,Conjunto de Anuncio K,Anuncio S,1100,425,0,,0.39,4200,5100,1
334,2023-03-08,Campanha C,Conjunto de Anuncio K,Anuncio T,100,250,0,,2.5,3750,5250,1
335,2023-03-08,Campanha C,Conjunto de Anuncio K,Anuncio U,1050,375,200,1.88,0.36,3500,9100,0
336,2023-03-08,Campanha C,Conjunto de Anuncio L,Anuncio S,1100,200,0,,0.18,4950,5100,2
337,2023-03-08,Campanha C,Conjunto de Anuncio L,Anuncio T,250,425,0,,1.7,3050,9550,1
338,2023-03-08,Campanha C,Conjunto de Anuncio L,Anuncio U,300,325,0,,1.08,4350,7300,1
339,2023-03-08,Campanha C,Conjunto de Anuncio M,Anuncio S,1050,350,0,,0.33,3250,8600,1
340,2023-03-08,Campanha C,Conjunto de Anuncio M,Anuncio T,700,400,0,,0.57,3250,9200,2
341,2023-03-08,Campanha C,Conjunto de Anuncio M,Anuncio U,1300,400,300,1.33,0.31,3400,5100,2
342,2023-03-08,Campanha D,Conjunto de Anuncio K,Anuncio S,700,225,0,,0.32,3200,5450,0
343,2023-03-08,Campanha D,Conjunto de Anuncio K,Anuncio T,1200,175,0,,0.15,3350,9600,3
344,2023-03-08,Campanha D,Conjunto de Anuncio K,Anuncio U,350,225,0,,0.64,4350,6650,2
345,2023-03-08,Campanha D,Conjunto de Anuncio L,Anuncio S,700,275,0,,0.39,4200,7000,1
346,2023-03-08,Campanha D,Conjunto de Anuncio L,Anuncio T,750,425,0,,0.57,4300,6800,2
347,2023-03-08,Campanha D,Conjunto de Anuncio L,Anuncio U,1200,425,0,,0.35,3700,8500,2
348,2023-03-08,Campanha D,Conjunto de Anuncio M,Anuncio S,250,250,0,,1.0,4900,7700,1
349,2023-03-08,Campanha D,Conjunto de Anuncio M,Anuncio T,850,350,200,1.75,0.41,3350,5450,2
350,2023-03-08,Campanha D,Conjunto de Anuncio M,Anuncio U,400,375,50,7.5,0.94,4450,7200,2
351,2023-03-08,Campanha E,Conjunto de Anuncio K,Anuncio S,750,300,400,0.75,0.4,3150,8050,0
352,2023-03-08,Campanha E,Conjunto de Anuncio K,Anuncio T,950,400,0,,0.42,3000,9200,2
353,2023-03-08,Campanha E,Conjunto de Anuncio K,Anuncio U,1200,400,0,,0.33,4950,7250,0
354,2023-03-08,Campanha E,Conjunto de Anuncio L,Anuncio S,750,275,550,0.5,0.37,3050,7650,1
355,2023-03-08,Campanha E,Conjunto de Anuncio L,Anuncio T,1050,325,550,0.59,0.31,4650,6300,3
356,2023-03-08,Campanha E,Conjunto de Anuncio L,Anuncio U,150,225,0,,1.5,3800,7000,1
357,2023-03-08,Campanha E,Conjunto de Anuncio M,Anuncio S,1200,150,50,3.0,0.12,4050,9150,1
358,2023-03-08,Campanha E,Conjunto de Anuncio M,Anuncio T,450,225,0,,0.5,3100,7850,0
359,2023-03-08,Campanha E,Conjunto de Anuncio M,Anuncio U,1400,250,700,0.36,0.18,3700,5150,1
360,2023-03-09,Campanha A,Conjunto de Anuncio K,Anuncio S,1400,375,350,1.07,0.27,4900,8700,1
361,2023-03-09,Campanha A,Conjunto de Anuncio K,Anuncio T,300,425,0,,1.42,3250,8700,0
362,2023-03-09,Campanha A,Conjunto de Anuncio K,Anuncio U,1200,425,0,,0.35,4700,6150,3
363,2023-03-09,Campanha A,Conjunto de Anuncio L,Anuncio S,1350,425,250,1.7,0.31,3950,5200,3
364,2023-03-09,Campanha A,Conjunto de Anuncio L,Anuncio T,650,150,0,,0.23,3650,9950,2
365,2023-03-09,Campanha A,Conjunto de Anuncio L,Anuncio U,100,425,0,,4.25,3100,8000,2
366,2023-03-09,Campanha A,Conjunto de Anuncio M,Anuncio S,500,225,0,,0.45,4350,6200,0
367,2023-03-09,Campanha A,Conjunto de Anuncio M,Anuncio T,550,275,0,,0.5,3700,7100,1
368,2023-03-09,Campanha A,Conjunto de Anuncio M,Anuncio U,350,425,0,,1.21,3550,7250,1
369,2023-03-09,Campanha B,Conjunto de Anuncio K,Anuncio S,1150,225,1050,0.21,0.2,3250,5000,2
370,2023-03-09,Campanha B,Conjunto de Anuncio K,Anuncio T,1450,300,600,0.5,0.21,3850,7100,2
371,2023-03-09,Campanha B,Conjunto de Anuncio K,Anuncio U,1100,175,850,0.21,0.16,3000,7900,1
372,2023-03-09,Campanha B,Conjunto de Anuncio L,Anuncio S,1400,400,550,0.73,0.29,4450,8250,1
373,2023-03-09,Campanha B,Conjunto de Anuncio L,Anuncio T,250,275,0,,1.1,4500,6800,0
374,2023-03-09,Campanha B,Conjunto de Anuncio L,Anuncio U,1050,175,450,0.39,0.17,3450,8650,2
375,2023-03-09,Campanha B,Conjunto de Anuncio M,Anuncio S,650,325,150,2.17,0.5,4850,5650,1
376,2023-03-09,Campanha B,Conjunto de Anuncio M,Anuncio T,500,225,0,,0.45,4050,8300,0
377,2023-03-09,Campanha B,Conjunto de Anuncio M,Anuncio U,550,400,150,2.67,0.73,4300,7650,2
378,2023-03-09,Campanha C,Conjunto de Anuncio K,Anuncio S,600,400,0,,0.67,4950,9400,0
379,2023-03-09,Campanha C,Conjunto de Anuncio K,Anuncio T,300,350,0,,1.17,3100,5400,0
380,2023-03-09,Campanha C,Conjunto de Anuncio K,Anuncio U,1100,300,300,1.0,0.27,3250,7050,2
381,2023-03-09,Campanha C,Conjunto de Anuncio L,Anuncio S,450,275,250,1.1,0.61,4650,9000,1
382,2023-03-09,Campanha C,Conjunto de Anuncio L,Anuncio T,1450,325,900,0.36,0.22,4200,5450,0
383,2023-03-09,Campanha C,Conjunto de Anuncio L,Anuncio U,1150,425,0,,0.37,3000,7650,0
384,2023-03-09,Campanha C,Conjunto de Anuncio M,Anuncio S,600,175,300,0.58,0.29,4650,8700,1
385,2023-03-09,Campanha C,Conjunto de Anuncio M,Anuncio T,350,150,0,,0.43,4200,5650,1
386,2023-03-09,Campanha C,Conjunto de Anuncio M,Anuncio U,400,350,0,,0.88,3750,7200,2
387,2023-03-09,Campanha D,Conjunto de Anuncio K,Anuncio S,900,225,0,,0.25,4050,6850,0
388,2023-03-09,Campanha D,Conjunto de Anuncio K,Anuncio T,1100,400,950,0.42,0.36,4300,7150,2
389,2023-03-09,Campanha D,Conjunto de Anuncio K,Anuncio U,1150,150,850,0.18,0.13,4350,7100,2
390,2023-03-09,Campanha D,Conjunto de Anuncio L,Anuncio S,200,250,0,,1.25,3900,6800,2
391,2023-03-09,Campanha D,Conjunto de Anuncio L,Anuncio T,1300,300,0,,0.23,3600,6450,2
392,2023-03-09,Campanha D,Conjunto de Anuncio L,Anuncio U,1350,300,1250,0.24,0.22,4150,6600,1
393,2023-03-09,Campanha D,Conjunto de Anuncio M,Anuncio S,750,425,200,2.12,0.57,4700,8700,0
394,2023-03-09,Campanha D,Conjunto de Anuncio M,Anuncio T,1450,325,0,,0.22,4050,5350,1
395,2023-03-09,Campanha D,Conjunto de Anuncio M,Anuncio U,350,225,50,4.5,0.64,4200,8850,0
396,2023-03-09,Campanha E,Conjunto de Anuncio K,Anuncio S,1400,200,1050,0.19,0.14,3450,8650,1
397,2023-03-09,Campanha E,Conjunto de Anuncio K,Anuncio T,200,200,0,,1.0,4000,6650,1
398,2023-03-09,Campanha E,Conjunto de Anuncio K,Anuncio U,1200,150,700,0.21,0.12,4500,7700,1
399,2023-03-09,Campanha E,Conjunto de Anuncio L,Anuncio S,1350,275,850,0.32,0.2,4200,8150,1
400,2023-03-09,Campanha E,Conjunto de Anuncio L,Anuncio T,850,175,550,0.32,0.21,3250,6300,3
401,2023-03-09,Campanha E,Conjunto de Anuncio L,Anuncio U,650,275,250,1.1,0.42,3200,8050,0
402,2023-03-09,Campanha E,Conjunto de Anuncio M,Anuncio S,1100,400,0,,0.36,4200,8600,1
403,2023-03-09,Campanha E,Conjunto de Anuncio M,Anuncio T,1300,225,0,,0.17,3400,9250,2
404,2023-03-09,Campanha E,Conjunto de Anuncio M,Anuncio U,1350,400,0,,0.3,4000,8900,0
405,2023-03-10,Campanha A,Conjunto de Anuncio K,Anuncio S,750,200,650,0.31,0.27,4500,6150,2
406,2023-03-10,Campanha A,Conjunto de Anuncio K,Anuncio T,550,275,0,,0.5,4900,9300,1
407,2023-03-10,Campanha A,Conjunto de Anuncio K,Anuncio U,1300,425,150,2.83,0.33,3400,9950,1
408,2023-03-10,Campanha A,Conjunto de Anuncio L,Anuncio S,600,200,300,0.67,0.33,4900,6850,1
409,2023-03-10,Campanha A,Conjunto de Anuncio L,Anuncio T,1350,150,0,,0.11,4500,6600,3
410,2023-03-10,Campanha A,Conjunto de Anuncio L,Anuncio U,1350,275,150,1.83,0.2,4750,7700,1
411,2023-03-10,Campanha A,Conjunto de Anuncio M,Anuncio S,1100,425,450,0.94,0.39,4700,8550,1
412,2023-03-10,Campanha A,Conjunto de Anuncio M,Anuncio T,300,375,50,7.5,1.25,4100,6850,2
413,2023-03-10,Campanha A,Conjunto de Anuncio M,Anuncio U,450,350,0,,0.78,4450,8000,2
414,2023-03-10,Campanha B,Conjunto de Anuncio K,Anuncio S,350,225,0,,0.64,4300,8350,1
415,2023-03-10,Campanha B,Conjunto de Anuncio K,Anuncio T,300,400,200,2.0,1.33,4150,8750,1
416,2023-03-10,Campanha B,Conjunto de Anuncio K,Anuncio U,350,225,50,4.5,0.64,3950,5550,2
417,2023-03-10,Campanha B,Conjunto de Anuncio L,Anuncio S,1000,350,500,0.7,0.35,4950,7150,2
418,2023-03-10,Campanha B,Conjunto de Anuncio L,Anuncio T,550,425,0,,0.77,3750,6850,1
419,2023-03-10,Campanha B,Conjunto de Anuncio L,Anuncio U,1000,200,0,,0.2,4850,7500,2
420,2023-03-10,Campanha B,Conjunto de Anuncio M,Anuncio S,800,275,0,,0.34,4100,8150,0
421,2023-03-10,Campanha B,Conjunto de Anuncio M,Anuncio T,450,150,0,,0.33,4450,6900,0
422,2023-03-10,Campanha B,Conjunto de Anuncio M,Anuncio U,1100,275,0,,0.25,3200,5800,0
423,2023-03-10,Campanha C,Conjunto de Anuncio K,Anuncio S,400,250,0,,0.62,3650,6900,0
424,2023-03-10,Campanha C,Conjunto de Anuncio K,Anuncio T,1450,275,850,0.32,0.19,4700,5150,3
425,2023-03-10,Campanha C,Conjunto de Anuncio K,Anuncio U,1200,275,1100,0.25,0.23,3800,9750,2
426,2023-03-10,Campanha C,Conjunto de Anuncio L,Anuncio S,1100,250,150,1.67,0.23,3600,6750,1
427,2023-03-10,Campanha C,Conjunto de Anuncio L,Anuncio T,200,225,0,,1.12,3050,6900,1
428,2023-03-10,Campanha C,Conjunto de Anuncio L,Anuncio U,700,275,0,,0.39,4200,7600,2
429,2023-03-10,Campanha C,Conjunto de Anuncio M,Anuncio S,450,225,0,,0.5,3400,6450,1
430,2023-03-10,Campanha C,Conjunto de Anuncio M,Anuncio T,550,400,0,,0.73,3000,7850,2
431,2023-03-10,Campanha C,Conjunto de Anuncio M,Anuncio U,950,250,0,,0.26,4250,6000,2
432,2023-03-10,Campanha D,Conjunto de Anuncio K,Anuncio S,200,425,0,,2.12,4950,8850,1
433,2023-03-10,Campanha D,Conjunto de Anuncio K,Anuncio T,100,150,0,,1.5,4550,6100,1
434,2023-03-10,Campanha D,Conjunto de Anuncio K,Anuncio U,600,300,200,1.5,0.5,4400,7800,2
435,2023-03-10,Campanha D,Conjunto de Anuncio L,Anuncio S,1200,300,400,0.75,0.25,3550,9900,0
436,2023-03-10,Campanha D,Conjunto de Anuncio L,Anuncio T,1200,150,0,,0.12,4000,5850,1
437,2023-03-10,Campanha D,Conjunto de Anuncio L,Anuncio U,1250,150,750,0.2,0.12,4200,7100,2
438,2023-03-10,Campanha D,Conjunto de Anuncio M,Anuncio S,400,150,0,,0.38,3050,9100,2
439,2023-03-10,Campanha D,Conjunto de Anuncio M,Anuncio T,650,400,0,,0.62,4600,7750,2
440,2023-03-10,Campanha D,Conjunto de Anuncio M,Anuncio U,450,150,350,0.43,0.33,4750,8750,2
441,2023-03-10,Campanha E,Conjunto de Anuncio K,Anuncio S,150,250,0,,1.67,4100,8750,0
442,2023-03-10,Campanha E,Conjunto de Anuncio K,Anuncio T,1200,175,0,,0.15,4700,7200,0
443,2023-03-10,Campanha E,Conjunto de Anuncio K,Anuncio U,1050,250,0,,0.24,3900,8100,2
444,2023-03-10,Campanha E,Conjunto de Anuncio L,Anuncio S,1050,325,0,,0.31,3600,5650,2
445,2023-03-10,Campanha E,Conjunto de Anuncio L,Anuncio T,850,325,100,3.25,0.38,3500,8000,2
446,2023-03-10,Campanha E,Conjunto de Anuncio L,Anuncio U,250,350,0,,1.4,3500,9700,2
447,2023-03-10,Campanha E,Conjunto de Anuncio M,Anuncio S,1300,300,0,,0.23,4200,8750,2
448,2023-03-10,Campanha E,Conjunto de Anuncio M,Anuncio T,950,175,0,,0.18,3800,5900,0
449,2023-03-10,Campanha E,Conjunto de Anuncio M,Anuncio U,550,325,0,,0.59,4450,5500,0
450,2023-03-11,Campanha A,Conjunto de Anuncio K,Anuncio S,900,175,0,,0.19,3000,9350,2
451,2023-03-11,Campanha A,Conjunto de Anuncio K,Anuncio T,150,425,0,,2.83,3550,6800,1
452,2023-03-11,Campanha A,Conjunto de Anuncio K,Anuncio U,1250,250,350,0.71,0.2,4900,7650,2
453,2023-03-11,Campanha A,Conjunto de Anuncio L,Anuncio S,1200,425,650,0.65,0.35,4850,6350,3
454,2023-03-11,Campanha A,Conjunto de Anuncio L,Anuncio T,400,425,0,,1.06,3300,9950,1
455,2023-03-11,Campanha A,Conjunto de Anuncio L,Anuncio U,1150,375,1000,0.38,0.33,3500,6400,1
456,2023-03-11,Campanha A,Conjunto de Anuncio M,Anuncio S,1450,400,150,2.67,0.28,3300,8750,1
457,2023-03-11,Campanha A,Conjunto de Anuncio M,Anuncio T,1000,175,0,,0.18,4950,6800,1
458,2023-03-11,Campanha A,Conjunto de Anuncio M,Anuncio U,1050,150,0,,0.14,3200,8550,2
459,2023-03-11,Campanha B,Conjunto de Anuncio K,Anuncio S,600,225,0,,0.38,3700,7950,2
460,2023-03-11,Campanha B,Conjunto de Anuncio K,Anuncio T,600,375,100,3.75,0.62,3450,9750,1
461,2023-03-11,Campanha B,Conjunto de Anuncio K,Anuncio U,1450,300,500,0.6,0.21,3600,8000,2
462,2023-03-11,Campanha B,Conjunto de Anuncio L,Anuncio S,900,225,400,0.56,0.25,4050,7300,2
463,2023-03-11,Campanha B,Conjunto de Anuncio L,Anuncio T,150,325,0,,2.17,3400,6950,0
464,2023-03-11,Campanha B,Conjunto de Anuncio L,Anuncio U,1000,325,0,,0.32,3400,5300,1
465,2023-03-11,Campanha B,Conjunto de Anuncio M,Anuncio S,650,150,0,,0.23,4850,5050,0
466,2023-03-11,Campanha B,Conjunto de Anuncio M,Anuncio T,1300,300,0,,0.23,4400,9500,2
467,2023-03-11,Campanha B,Conjunto de Anuncio M,Anuncio U,650,350,0,,0.54,3900,8050,0
468,2023-03-11,Campanha C,Conjunto de Anuncio K,Anuncio S,350,325,0,,0.93,4200,8100,0
469,2023-03-11,Campanha C,Conjunto de Anuncio K,Anuncio T,950,400,0,,0.42,4350,9750,0
470,2023-03-11,Campanha C,Conjunto de Anuncio K,Anuncio U,1450,275,600,0.46,0.19,4200,6750,2
471,2023-03-11,Campanha C,Conjunto de Anuncio L,Anuncio S,1350,350,0,,0.26,4950,8300,1
472,2023-03-11,Campanha C,Conjunto de Anuncio L,Anuncio T,1250,225,0,,0.18,3100,5250,2
473,2023-03-11,Campanha C,Conjunto de Anuncio L,Anuncio U,450,200,0,,0.44,3450,8050,1
474,2023-03-11,Campanha C,Conjunto de Anuncio M,Anuncio S,1150,250,0,,0.22,3150,9000,2
475,2023-03-11,Campanha C,Conjunto de Anuncio M,Anuncio T,600,225,0,,0.38,4350,6450,1
476,2023-03-11,Campanha C,Conjunto de Anuncio M,Anuncio U,1350,375,200,1.88,0.28,4500,5800,3
477,2023-03-11,Campanha D,Conjunto de Anuncio K,Anuncio S,950,350,0,,0.37,3900,8600,2
478,2023-03-11,Campanha D,Conjunto de Anuncio K,Anuncio T,700,225,450,0.5,0.32,3200,7000,2
479,2023-03-11,Campanha D,Conjunto de Anuncio K,Anuncio U,450,325,0,,0.72,3500,5200,0
480,2023-03-11,Campanha D,Conjunto de Anuncio L,Anuncio S,450,175,0,,0.39,3600,9200,3
481,2023-03-11,Campanha D,Conjunto de Anuncio L,Anuncio T,600,325,400,0.81,0.54,3650,5400,0
482,2023-03-11,Campanha D,Conjunto de Anuncio L,Anuncio U,1250,375,1050,0.36,0.3,3150,8800,1
483,2023-03-11,Campanha D,Conjunto de Anuncio M,Anuncio S,900,325,0,,0.36,3600,9300,2
484,2023-03-11,Campanha D,Conjunto de Anuncio M,Anuncio T,1300,350,350,1.0,0.27,4650,7750,2
485,2023-03-11,Campanha D,Conjunto de Anuncio M,Anuncio U,250,250,50,5.0,1.0,3100,8100,2
486,2023-03-11,Campanha E,Conjunto de Anuncio K,Anuncio S,500,325,0,,0.65,3200,5000,1
487,2023-03-11,Campanha E,Conjunto de Anuncio K,Anuncio T,1200,225,150,1.5,0.19,4250,9050,0
488,2023-03-11,Campanha E,Conjunto de Anuncio K,Anuncio U,300,425,0,,1.42,4800,6850,2
489,2023-03-11,Campanha E,Conjunto de Anuncio L,Anuncio S,1450,225,0,,0.16,3900,9800,0
490,2023-03-11,Campanha E,Conjunto de Anuncio L,Anuncio T,1350,375,0,,0.28,4900,9900,2
491,2023-03-11,Campanha E,Conjunto de Anuncio L,Anuncio U,1350,300,1000,0.3,0.22,4450,5700,2
492,2023-03-11,Campanha E,Conjunto de Anuncio M,Anuncio S,700,300,0,,0.43,4250,7500,2
493,2023-03-11,Campanha E,Conjunto de Anuncio M,Anuncio T,150,300,0,,2.0,4400,7450,0
494,2023-03-11,Campanha E,Conjunto de Anuncio M,Anuncio U,1450,200,950,0.21,0.14,3500,8750,0
495,2023-03-12,Campanha A,Conjunto de Anuncio K,Anuncio S,1200,250,0,,0.21,3750,9150,0
496,2023-03-12,Campanha A,Conjunto de Anuncio K,Anuncio T,150,275,0,,1.83,4950,5700,3
497,2023-03-12,Campanha A,Conjunto de Anuncio K,Anuncio U,1100,350,0,,0.32,3700,7150,0
498,2023-03-12,Campanha A,Conjunto de Anuncio L,Anuncio S,800,300,200,1.5,0.38,3300,6700,1
499,2023-03-12,Campanha A,Conjunto de Anuncio L,Anuncio T,550,375,0,,0.68,3550,7900,1
500,2023-03-12,Campanha A,Conjunto de Anuncio L,Anuncio U,1000,150,0,,0.15,3350,9300,0
501,2023-03-12,Campanha A,Conjunto de Anuncio M,Anuncio S,500,250,0,,0.5,3150,7200,1
502,2023-03-12,Campanha A,Conjunto de Anuncio M,Anuncio T,300,175,0,,0.58,4000,9750,1
503,2023-03-12,Campanha A,Conjunto de Anuncio M,Anuncio U,1350,325,50,6.5,0.24,3050,6300,2
504,2023-03-12,Campanha B,Conjunto de Anuncio K,Anuncio S,600,150,400,0.38,0.25,3750,7300,1
505,2023-03-12,Campanha B,Conjunto de Anuncio K,Anuncio T,1350,225,1050,0.21,0.17,4050,6050,2
506,2023-03-12,Campanha B,Conjunto de Anuncio K,Anuncio U,400,275,0,,0.69,4700,9150,0
507,2023-03-12,Campanha B,Conjunto de Anuncio L,Anuncio S,1200,325,400,0.81,0.27,4750,8700,1
508,2023-03-12,Campanha B,Conjunto de Anuncio L,Anuncio T,500,275,0,,0.55,4550,8000,2
509,2023-03-12,Campanha B,Conjunto de Anuncio L,Anuncio U,200,275,0,,1.38,4900,8600,1
510,2023-03-12,Campanha B,Conjunto de Anuncio M,Anuncio S,1350,275,0,,0.2,4350,6500,1
511,2023-03-12,Campanha B,Conjunto de Anuncio M,Anuncio T,950,200,0,,0.21,4150,5850,1
512,2023-03-12,Campanha B,Conjunto de Anuncio M,Anuncio U,500,325,0,,0.65,4400,8500,2
513,2023-03-12,Campanha C,Conjunto de Anuncio K,Anuncio S,250,225,100,2.25,0.9,3700,7550,3
514,2023-03-12,Campanha C,Conjunto de Anuncio K,Anuncio T,1200,200,1100,0.18,0.17,3800,9450,2
515,2023-03-12,Campanha C,Conjunto de Anuncio K,Anuncio U,1250,200,0,,0.16,4300,8400,1
516,2023-03-12,Campanha C,Conjunto de Anuncio L,Anuncio S,750,400,0,,0.53,4050,9850,2
517,2023-03-12,Campanha C,Conjunto de Anuncio L,Anuncio T,550,275,0,,0.5,3700,8850,2
518,2023-03-12,Campanha C,Conjunto de Anuncio L,Anuncio U,1200,175,0,,0.15,4500,7950,2
519,2023-03-12,Campanha C,Conjunto de Anuncio M,Anuncio S,900,150,0,,0.17,3300,8700,1
520,2023-03-12,Campanha C,Conjunto de Anuncio M,Anuncio T,950,350,550,0.64,0.37,3300,6050,2
521,2023-03-12,Campanha C,Conjunto de Anuncio M,Anuncio U,750,375,0,,0.5,3750,6300,2
522,2023-03-12,Campanha D,Conjunto de Anuncio K,Anuncio S,800,225,200,1.12,0.28,4700,9550,3
523,2023-03-12,Campanha D,Conjunto de Anuncio K,Anuncio T,700,425,0,,0.61,4000,8500,1
524,2023-03-12,Campanha D,Conjunto de Anuncio K,Anuncio U,700,325,0,,0.46,4750,7950,1
525,2023-03-12,Campanha D,Conjunto de Anuncio L,Anuncio S,200,375,0,,1.88,3000,5450,0
526,2023-03-12,Campanha D,Conjunto de Anuncio L,Anuncio T,1450,200,1150,0.17,0.14,4650,5400,2
527,2023-03-12,Campanha D,Conjunto de Anuncio L,Anuncio U,400,350,250,1.4,0.88,4300,8600,1
528,2023-03-12,Campanha D,Conjunto de Anuncio M,Anuncio S,350,150,0,,0.43,4900,6700,1
529,2023-03-12,Campanha D,Conjunto de Anuncio M,Anuncio T,1200,400,1050,0.38,0.33,3850,8800,3
530,2023-03-12,Campanha D,Conjunto de Anuncio M,Anuncio U,550,225,0,,0.41,4900,5100,1
531,2023-03-12,Campanha E,Conjunto de Anuncio K,Anuncio S,900,150,0,,0.17,3950,6750,0
532,2023-03-12,Campanha E,Conjunto de Anuncio K,Anuncio T,250,300,0,,1.2,4350,9100,0
533,2023-03-12,Campanha E,Conjunto de Anuncio K,Anuncio U,1150,225,1050,0.21,0.2,3550,8950,1
534,2023-03-12,Campanha E,Conjunto de Anuncio L,Anuncio S,600,325,0,,0.54,4400,9900,1
535,2023-03-12,Campanha E,Conjunto de Anuncio L,Anuncio T,1050,350,150,2.33,0.33,4400,9600,0
536,2023-03-12,Campanha E,Conjunto de Anuncio L,Anuncio U,1050,225,700,0.32,0.21,3200,5050,0
537,2023-03-12,Campanha E,Conjunto de Anuncio M,Anuncio S,1100,175,250,0.7,0.16,3500,9500,2
538,2023-03-12,Campanha E,Conjunto de Anuncio M,Anuncio T,550,300,400,0.75,0.55,3650,9750,1
539,2023-03-12,Campanha E,Conjunto de Anuncio M,Anuncio U,800,325,250,1.3,0.41,3300,7400,2
540,2023-03-13,Campanha A,Conjunto de Anuncio K,Anuncio S,1300,275,1150,0.24,0.21,3300,8250,1
541,2023-03-13,Campanha A,Conjunto de Anuncio K,Anuncio T,300,175,0,,0.58,3000,6100,1
542,2023-03-13,Campanha A,Conjunto de Anuncio K,Anuncio U,850,350,0,,0.41,3700,6050,0
543,2023-03-13,Campanha A,Conjunto de Anuncio L,Anuncio S,1350,375,0,,0.28,3550,8750,1
544,2023-03-13,Campanha A,Conjunto de Anuncio L,Anuncio T,550,350,450,0.78,0.64,4550,6400,1
545,2023-03-13,Campanha A,Conjunto de Anuncio L,Anuncio U,250,325,0,,1.3,4450,5100,1
546,2023-03-13,Campanha A,Conjunto de Anuncio M,Anuncio S,1200,400,0,,0.33,4350,5500,2
547,2023-03-13,Campanha A,Conjunto de Anuncio M,Anuncio T,1050,425,550,0.77,0.4,4200,5900,2
548,2023-03-13,Campanha A,Conjunto de Anuncio M,Anuncio U,1300,225,150,1.5,0.17,4850,8600,0
549,2023-03-13,Campanha B,Conjunto de Anuncio K,Anuncio S,450,400,0,,0.89,4100,5650,2
550,2023-03-13,Campanha B,Conjunto de Anuncio K,Anuncio T,1400,275,1200,0.23,0.2,4150,9600,2
551,2023-03-13,Campanha B,Conjunto de Anuncio K,Anuncio U,900,175,0,,0.19,4900,9600,2
552,2023-03-13,Campanha B,Conjunto de Anuncio L,Anuncio S,950,375,600,0.62,0.39,3500,5750,2
553,2023-03-13,Campanha B,Conjunto de Anuncio L,Anuncio T,200,200,0,,1.0,4950,5550,2
554,2023-03-13,Campanha B,Conjunto de Anuncio L,Anuncio U,550,300,0,,0.55,4600,8850,2
555,2023-03-13,Campanha B,Conjunto de Anuncio M,Anuncio S,950,375,0,,0.39,3500,7250,0
556,2023-03-13,Campanha B,Conjunto de Anuncio M,Anuncio T,500,250,0,,0.5,4550,5500,1
557,2023-03-13,Campanha B,Conjunto de Anuncio M,Anuncio U,200,225,0,,1.12,4600,9700,1
558,2023-03-13,Campanha C,Conjunto de Anuncio K,Anuncio S,800,375,0,,0.47,4600,7650,0
559,2023-03-13,Campanha C,Conjunto de Anuncio K,Anuncio T,500,300,0,,0.6,4000,9850,1
560,2023-03-13,Campanha C,Conjunto de Anuncio K,Anuncio U,900,400,0,,0.44,3800,6050,1
561,2023-03-13,Campanha C,Conjunto de Anuncio L,Anuncio S,600,250,300,0.83,0.42,3400,6550,2
562,2023-03-13,Campanha C,Conjunto de Anuncio L,Anuncio T,600,250,0,,0.42,4000,7750,2
563,2023-03-13,Campanha C,Conjunto de Anuncio L,Anuncio U,250,200,0,,0.8,4250,7700,2
564,2023-03-13,Campanha C,Conjunto de Anuncio M,Anuncio S,900,350,50,7.0,0.39,4500,8550,1
565,2023-03-13,Campanha C,Conjunto de Anuncio M,Anuncio T,500,200,0,,0.4,3400,9500,0
566,2023-03-13,Campanha C,Conjunto de Anuncio M,Anuncio U,1000,200,550,0.36,0.2,3500,6750,3
567,2023-03-13,Campanha D,Conjunto de Anuncio K,Anuncio S,950,275,0,,0.29,4850,8400,1
568,2023-03-13,Campanha D,Conjunto de Anuncio K,Anuncio T,600,150,0,,0.25,3700,5800,2
569,2023-03-13,Campanha D,Conjunto de Anuncio K,Anuncio U,850,300,300,1.0,0.35,4400,7800,3
570,2023-03-13,Campanha D,Conjunto de Anuncio L,Anuncio S,750,300,0,,0.4,4900,7450,2
571,2023-03-13,Campanha D,Conjunto de Anuncio L,Anuncio T,400,150,0,,0.38,4750,9850,1
572,2023-03-13,Campanha D,Conjunto de Anuncio L,Anuncio U,1450,150,600,0.25,0.1,4200,7900,0
573,2023-03-13,Campanha D,Conjunto de Anuncio M,Anuncio S,800,175,250,0.7,0.22,3050,9050,2
574,2023-03-13,Campanha D,Conjunto de Anuncio M,Anuncio T,1300,200,650,0.31,0.15,3450,5750,0
575,2023-03-13,Campanha D,Conjunto de Anuncio M,Anuncio U,250,150,100,1.5,0.6,3950,5300,1
576,2023-03-13,Campanha E,Conjunto de Anuncio K,Anuncio S,1450,275,50,5.5,0.19,3950,8550,1
577,2023-03-13,Campanha E,Conjunto de Anuncio K,Anuncio T,350,175,250,0.7,0.5,3500,6750,2
578,2023-03-13,Campanha E,Conjunto de Anuncio K,Anuncio U,1350,200,0,,0.15,4100,5150,2
579,2023-03-13,Campanha E,Conjunto de Anuncio L,Anuncio S,600,325,0,,0.54,3050,5200,0
580,2023-03-13,Campanha E,Conjunto de Anuncio L,Anuncio T,800,350,350,1.0,0.44,3100,5350,2
581,2023-03-13,Campanha E,Conjunto de Anuncio L,Anuncio U,500,225,0,,0.45,3250,7950,2
582,2023-03-13,Campanha E,Conjunto de Anuncio M,Anuncio S,850,175,0,,0.21,3550,6750,1
583,2023-03-13,Campanha E,Conjunto de Anuncio M,Anuncio T,450,300,0,,0.67,3550,7450,2
584,2023-03-13,Campanha E,Conjunto de Anuncio M,Anuncio U,900,375,0,,0.42,3750,8950,0
585,2023-03-14,Campanha A,Conjunto de Anuncio K,Anuncio S,500,275,0,,0.55,4400,9650,1
586,2023-03-14,Campanha A,Conjunto de Anuncio K,Anuncio T,1150,350,0,,0.3,3200,5200,0
587,2023-03-14,Campanha A,Conjunto de Anuncio K,Anuncio U,100,225,0,,2.25,3500,5600,0
588,2023-03-14,Campanha A,Conjunto de Anuncio L,Anuncio S,950,375,750,0.5,0.39,3900,8600,1
589,2023-03-14,Campanha A,Conjunto de Anuncio L,Anuncio T,1450,425,0,,0.29,4050,8600,2
590,2023-03-14,Campanha A,Conjunto de Anuncio L,Anuncio U,100,250,0,,2.5,3550,5000,0
591,2023-03-14,Campanha A,Conjunto de Anuncio M,Anuncio S,150,275,0,,1.83,4550,5050,2
592,2023-03-14,Campanha A,Conjunto de Anuncio M,Anuncio T,150,400,0,,2.67,4700,6600,1
593,2023-03-14,Campanha A,Conjunto de Anuncio M,Anuncio U,1450,150,1250,0.12,0.1,3900,6350,1
594,2023-03-14,Campanha B,Conjunto de Anuncio K,Anuncio S,1350,425,0,,0.31,4300,8200,2
595,2023-03-14,Campanha B,Conjunto de Anuncio K,Anuncio T,100,300,0,,3.0,3450,6850,2
596,2023-03-14,Campanha B,Conjunto de Anuncio K,Anuncio U,800,250,350,0.71,0.31,3400,9300,2
597,2023-03-14,Campanha B,Conjunto de Anuncio L,Anuncio S,550,175,0,,0.32,3500,6650,0
598,2023-03-14,Campanha B,Conjunto de Anuncio L,Anuncio T,1200,175,1100,0.16,0.15,4500,9350,1
599,2023-03-14,Campanha B,Conjunto de Anuncio L,Anuncio U,950,400,200,2.0,0.42,3800,8800,2
600,2023-03-14,Campanha B,Conjunto de Anuncio M,Anuncio S,900,175,0,,0.19,3550,6450,2
601,2023-03-14,Campanha B,Conjunto de Anuncio M,Anuncio T,100,400,0,,4.0,3400,5800,1
602,2023-03-14,Campanha B,Conjunto de Anuncio M,Anuncio U,350,325,0,,0.93,3300,9900,1
603,2023-03-14,Campanha C,Conjunto de Anuncio K,Anuncio S,550,175,0,,0.32,4100,7200,0
604,2023-03-14,Campanha C,Conjunto de Anuncio K,Anuncio T,200,375,0,,1.88,4900,6950,2
605,2023-03-14,Campanha C,Conjunto de Anuncio K,Anuncio U,700,400,0,,0.57,3500,6300,1
606,2023-03-14,Campanha C,Conjunto de Anuncio L,Anuncio S,1450,150,1300,0.12,0.1,4450,8400,2
607,2023-03-14,Campanha C,Conjunto de Anuncio L,Anuncio T,800,300,0,,0.38,4400,5350,1
608,2023-03-14,Campanha C,Conjunto de Anuncio L,Anuncio U,150,150,0,,1.0,4950,9050,1
609,2023-03-14,Campanha C,Conjunto de Anuncio M,Anuncio S,1150,350,0,,0.3,3750,8900,2
610,2023-03-14,Campanha C,Conjunto de Anuncio M,Anuncio T,800,325,0,,0.41,3500,9600,3
611,2023-03-14,Campanha C,Conjunto de Anuncio M,Anuncio U,1400,150,0,,0.11,3000,5350,2
612,2023-03-14,Campanha D,Conjunto de Anuncio K,Anuncio S,600,400,50,8.0,0.67,3800,7950,0
613,2023-03-14,Campanha D,Conjunto de Anuncio K,Anuncio T,300,200,0,,0.67,3350,7950,1
614,2023-03-14,Campanha D,Conjunto de Anuncio K,Anuncio U,300,200,0,,0.67,4800,5550,0
615,2023-03-14,Campanha D,Conjunto de Anuncio L,Anuncio S,700,425,0,,0.61,4550,5700,0
616,2023-03-14,Campanha D,Conjunto de Anuncio L,Anuncio T,900,300,400,0.75,0.33,4200,7050,1
617,2023-03-14,Campanha D,Conjunto de Anuncio L,Anuncio U,600,175,0,,0.29,3600,7350,2
618,2023-03-14,Campanha D,Conjunto de Anuncio M,Anuncio S,350,300,0,,0.86,4900,6100,2
619,2023-03-14,Campanha D,Conjunto de Anuncio M,Anuncio T,250,425,0,,1.7,3600,9550,0
620,2023-03-14,Campanha D,Conjunto de Anuncio M,Anuncio U,200,225,50,4.5,1.12,3400,5550,1
621,2023-03-14,Campanha E,Conjunto de Anuncio K,Anuncio S,800,425,0,,0.53,4000,7950,1
622,2023-03-14,Campanha E,Conjunto de Anuncio K,Anuncio T,650,275,400,0.69,0.42,4450,5500,1
623,2023-03-14,Campanha E,Conjunto de Anuncio K,Anuncio U,200,425,0,,2.12,3350,9500,2
624,2023-03-14,Campanha E,Conjunto de Anuncio L,Anuncio S,500,175,0,,0.35,4150,6900,0
625,2023-03-14,Campanha E,Conjunto de Anuncio L,Anuncio T,200,150,0,,0.75,4750,7800,1
626,2023-03-14,Campanha E,Conjunto de Anuncio L,Anuncio U,650,350,0,,0.54,4600,9850,1
627,2023-03-14,Campanha E,Conjunto de Anuncio M,Anuncio S,600,225,450,0.5,0.38,3100,7100,1
628,2023-03-14,Campanha E,Conjunto de Anuncio M,Anuncio T,100,325,0,,3.25,4300,9200,3
629,2023-03-14,Campanha E,Conjunto de Anuncio M,Anuncio U,750,325,0,,0.43,4250,5100,1
630,2023-03-15,Campanha A,Conjunto de Anuncio K,Anuncio S,1250,425,750,0.57,0.34,4900,7750,2
631,2023-03-15,Campanha A,Conjunto de Anuncio K,Anuncio T,1400,325,950,0.34,0.23,3350,8350,2
632,2023-03-15,Campanha A,Conjunto de Anuncio K,Anuncio U,750,350,550,0.64,0.47,4700,9700,1
633,2023-03-15,Campanha A,Conjunto de Anuncio L,Anuncio S,700,300,100,3.0,0.43,4100,5750,0
634,2023-03-15,Campanha A,Conjunto de Anuncio L,Anuncio T,550,300,0,,0.55,3150,9200,1
635,2023-03-15,Campanha A,Conjunto de Anuncio L,Anuncio U,100,400,0,,4.0,4400,7450,2
636,2023-03-15,Campanha A,Conjunto de Anuncio M,Anuncio S,1050,325,0,,0.31,3050,9100,0
637,2023-03-15,Campanha A,Conjunto de Anuncio M,Anuncio T,1150,275,1000,0.28,0.24,3000,9850,1
638,2023-03-15,Campanha A,Conjunto de Anuncio M,Anuncio U,400,375,0,,0.94,4900,8600,2
639,2023-03-15,Campanha B,Conjunto de Anuncio K,Anuncio S,1250,325,750,0.43,0.26,3150,5700,2
640,2023-03-15,Campanha B,Conjunto de Anuncio K,Anuncio T,1350,425,1000,0.42,0.31,3950,7500,2
641,2023-03-15,Campanha B,Conjunto de Anuncio K,Anuncio U,1450,325,0,,0.22,4800,6850,1
642,2023-03-15,Campanha B,Conjunto de Anuncio L,Anuncio S,1000,400,800,0.5,0.4,4000,5450,1
643,2023-03-15,Campanha B,Conjunto de Anuncio L,Anuncio T,1250,175,0,,0.14,4000,9600,3
644,2023-03-15,Campanha B,Conjunto de Anuncio L,Anuncio U,500,275,0,,0.55,3000,8200,2
645,2023-03-15,Campanha B,Conjunto de Anuncio M,Anuncio S,900,375,0,,0.42,3300,5850,0
646,2023-03-15,Campanha B,Conjunto de Anuncio M,Anuncio T,450,400,300,1.33,0.89,3400,9950,1
647,2023-03-15,Campanha B,Conjunto de Anuncio M,Anuncio U,700,150,0,,0.21,3950,6250,2
648,2023-03-15,Campanha C,Conjunto de Anuncio K,Anuncio S,1250,300,700,0.43,0.24,3250,9500,2
649,2023-03-15,Campanha C,Conjunto de Anuncio K,Anuncio T,1400,300,1200,0.25,0.21,4750,5350,3
650,2023-03-15,Campanha C,Conjunto de Anuncio K,Anuncio U,1000,300,250,1.2,0.3,4200,8100,1
651,2023-03-15,Campanha C,Conjunto de Anuncio L,Anuncio S,1300,375,1200,0.31,0.29,4550,7900,0
652,2023-03-15,Campanha C,Conjunto de Anuncio L,Anuncio T,1450,175,200,0.88,0.12,4000,5950,2
653,2023-03-15,Campanha C,Conjunto de Anuncio L,Anuncio U,500,200,0,,0.4,3550,7800,1
654,2023-03-15,Campanha C,Conjunto de Anuncio M,Anuncio S,1250,175,350,0.5,0.14,3400,9850,0
655,2023-03-15,Campanha C,Conjunto de Anuncio M,Anuncio T,100,225,0,,2.25,4300,9900,0
656,2023-03-15,Campanha C,Conjunto de Anuncio M,Anuncio U,650,225,0,,0.35,3300,9300,0
657,2023-03-15,Campanha D,Conjunto de Anuncio K,Anuncio S,1200,275,0,,0.23,3200,7850,2
658,2023-03-15,Campanha D,Conjunto de Anuncio K,Anuncio T,1050,175,950,0.18,0.17,4950,6750,2
659,2023-03-15,Campanha D,Conjunto de Anuncio K,Anuncio U,300,375,0,,1.25,4850,6650,2
660,2023-03-15,Campanha D,Conjunto de Anuncio L,Anuncio S,1400,375,1250,0.3,0.27,4750,6450,1
661,2023-03-15,Campanha D,Conjunto de Anuncio L,Anuncio T,200,375,0,,1.88,3450,8750,1
662,2023-03-15,Campanha D,Conjunto de Anuncio L,Anuncio U,1300,250,0,,0.19,4500,8050,0
663,2023-03-15,Campanha D,Conjunto de Anuncio M,Anuncio S,900,325,0,,0.36,4850,8200,2
664,2023-03-15,Campanha D,Conjunto de Anuncio M,Anuncio T,1000,325,0,,0.32,3200,9850,2
665,2023-03-15,Campanha D,Conjunto de Anuncio M,Anuncio U,1150,175,0,,0.15,4300,5700,0
666,2023-03-15,Campanha E,Conjunto de Anuncio K,Anuncio S,450,375,0,,0.83,3250,7950,0
667,2023-03-15,Campanha E,Conjunto de Anuncio K,Anuncio T,600,250,300,0.83,0.42,4350,9100,2
668,2023-03-15,Campanha E,Conjunto de Anuncio K,Anuncio U,200,200,0,,1.0,4850,8200,1
669,2023-03-15,Campanha E,Conjunto de Anuncio L,Anuncio S,150,175,0,,1.17,4250,5700,2
670,2023-03-15,Campanha E,Conjunto de Anuncio L,Anuncio T,1350,225,700,0.32,0.17,3450,7850,0
671,2023-03-15,Campanha E,Conjunto de Anuncio L,Anuncio U,1250,375,250,1.5,0.3,3350,8150,1
672,2023-03-15,Campanha E,Conjunto de Anuncio M,Anuncio S,250,350,0,,1.4,4600,9050,2
673,2023-03-15,Campanha E,Conjunto de Anuncio M,Anuncio T,400,275,0,,0.69,3550,5850,1
674,2023-03-15,Campanha E,Conjunto de Anuncio M,Anuncio U,100,400,0,,4.0,3650,8700,0
675,2023-03-16,Campanha A,Conjunto de Anuncio K,Anuncio S,1350,350,350,1.0,0.26,4500,7250,1
676,2023-03-16,Campanha A,Conjunto de Anuncio K,Anuncio T,100,425,0,,4.25,4100,8800,3
677,2023-03-16,Campanha A,Conjunto de Anuncio K,Anuncio U,350,350,100,3.5,1.0,3050,7400,0
678,2023-03-16,Campanha A,Conjunto de Anuncio L,Anuncio S,1350,275,0,,0.2,4050,6950,0
679,2023-03-16,Campanha A,Conjunto de Anuncio L,Anuncio T,1400,350,600,0.58,0.25,4450,7700,2
680,2023-03-16,Campanha A,Conjunto de Anuncio L,Anuncio U,750,175,600,0.29,0.23,4400,7850,1
681,2023-03-16,Campanha A,Conjunto de Anuncio M,Anuncio S,1300,150,1200,0.12,0.12,4600,8600,3
682,2023-03-16,Campanha A,Conjunto de Anuncio M,Anuncio T,400,250,0,,0.62,3900,6000,3
683,2023-03-16,Campanha A,Conjunto de Anuncio M,Anuncio U,650,425,450,0.94,0.65,3200,7750,0
684,2023-03-16,Campanha B,Conjunto de Anuncio K,Anuncio S,1100,425,550,0.77,0.39,4500,9850,0
685,2023-03-16,Campanha B,Conjunto de Anuncio K,Anuncio T,200,325,0,,1.62,4150,6650,0
686,2023-03-16,Campanha B,Conjunto de Anuncio K,Anuncio U,850,150,0,,0.18,3000,9400,0
687,2023-03-16,Campanha B,Conjunto de Anuncio L,Anuncio S,600,425,0,,0.71,4500,7500,2
688,2023-03-16,Campanha B,Conjunto de Anuncio L,Anuncio T,100,200,0,,2.0,3100,5150,0
689,2023-03-16,Campanha B,Conjunto de Anuncio L,Anuncio U,700,175,500,0.35,0.25,3000,9150,1
690,2023-03-16,Campanha B,Conjunto de Anuncio M,Anuncio S,450,400,50,8.0,0.89,3050,7200,1
691,2023-03-16,Campanha B,Conjunto de Anuncio M,Anuncio T,1450,175,1050,0.17,0.12,4300,5000,2
692,2023-03-16,Campanha B,Conjunto de Anuncio M,Anuncio U,650,150,0,,0.23,4550,7800,0
693,2023-03-16,Campanha C,Conjunto de Anuncio K,Anuncio S,800,400,100,4.0,0.5,4200,5750,0
694,2023-03-16,Campanha C,Conjunto de Anuncio K,Anuncio T,1200,325,750,0.43,0.27,3450,8450,0
695,2023-03-16,Campanha C,Conjunto de Anuncio K,Anuncio U,600,400,0,,0.67,4650,8750,1
696,2023-03-16,Campanha C,Conjunto de Anuncio L,Anuncio S,450,175,0,,0.39,3400,6150,0
697,2023-03-16,Campanha C,Conjunto de Anuncio L,Anuncio T,850,400,50,8.0,0.47,3700,6500,1
698,2023-03-16,Campanha C,Conjunto de Anuncio L,Anuncio U,1350,200,0,,0.15,4700,7000,1
699,2023-03-16,Campanha C,Conjunto de Anuncio M,Anuncio S,1000,175,200,0.88,0.18,4200,7350,0
700,2023-03-16,Campanha C,Conjunto de Anuncio M,Anuncio T,600,375,0,,0.62,4350,8750,1
701,2023-03-16,Campanha C,Conjunto de Anuncio M,Anuncio U,200,250,0,,1.25,4450,6000,1
702,2023-03-16,Campanha D,Conjunto de Anuncio K,Anuncio S,300,400,0,,1.33,4950,9850,1
703,2023-03-16,Campanha D,Conjunto de Anuncio K,Anuncio T,300,325,0,,1.08,4550,6550,2
704,2023-03-16,Campanha D,Conjunto de Anuncio K,Anuncio U,1300,300,900,0.33,0.23,4100,7000,0
705,2023-03-16,Campanha D,Conjunto de Anuncio L,Anuncio S,500,200,350,0.57,0.4,3250,8350,3
706,2023-03-16,Campanha D,Conjunto de Anuncio L,Anuncio T,250,175,0,,0.7,3650,7400,1
707,2023-03-16,Campanha D,Conjunto de Anuncio L,Anuncio U,1050,400,0,,0.38,3850,5650,2
708,2023-03-16,Campanha D,Conjunto de Anuncio M,Anuncio S,900,400,0,,0.44,3750,8750,1
709,2023-03-16,Campanha D,Conjunto de Anuncio M,Anuncio T,550,275,300,0.92,0.5,3900,9900,0
710,2023-03-16,Campanha D,Conjunto de Anuncio M,Anuncio U,1050,350,400,0.88,0.33,4600,5150,2
711,2023-03-16,Campanha E,Conjunto de Anuncio K,Anuncio S,850,350,0,,0.41,3100,9850,2
712,2023-03-16,Campanha E,Conjunto de Anuncio K,Anuncio T,350,325,0,,0.93,3350,6550,2
713,2023-03-16,Campanha E,Conjunto de Anuncio K,Anuncio U,850,350,0,,0.41,4250,8100,1
714,2023-03-16,Campanha E,Conjunto de Anuncio L,Anuncio S,1250,200,0,,0.16,4050,9950,0
715,2023-03-16,Campanha E,Conjunto de Anuncio L,Anuncio T,150,350,0,,2.33,4650,5700,0
716,2023-03-16,Campanha E,Conjunto de Anuncio L,Anuncio U,1000,400,50,8.0,0.4,3000,6000,2
717,2023-03-16,Campanha E,Conjunto de Anuncio M,Anuncio S,350,350,0,,1.0,4200,8750,1
718,2023-03-16,Campanha E,Conjunto de Anuncio M,Anuncio T,300,275,0,,0.92,4300,8150,1
719,2023-03-16,Campanha E,Conjunto de Anuncio M,Anuncio U,700,150,600,0.25,0.21,4300,9300,1
720,2023-03-17,Campanha A,Conjunto de Anuncio K,Anuncio S,250,350,0,,1.4,3500,8850,0
721,2023-03-17,Campanha A,Conjunto de Anuncio K,Anuncio T,1350,175,0,,0.13,3700,7500,0
722,2023-03-17,Campanha A,Conjunto de Anuncio K,Anuncio U,1250,350,650,0.54,0.28,4950,9100,1
723,2023-03-17,Campanha A,Conjunto de Anuncio L,Anuncio S,450,350,0,,0.78,3350,5450,3
724,2023-03-17,Campanha A,Conjunto de Anuncio L,Anuncio T,200,250,0,,1.25,3300,9150,0
725,2023-03-17,Campanha A,Conjunto de Anuncio L,Anuncio U,150,375,0,,2.5,3400,5200,2
726,2023-03-17,Campanha A,Conjunto de Anuncio M,Anuncio S,1100,150,0,,0.14,3250,9100,1
727,2023-03-17,Campanha A,Conjunto de Anuncio M,Anuncio T,550,400,100,4.0,0.73,3250,8600,0
728,2023-03-17,Campanha A,Conjunto de Anuncio M,Anuncio U,200,425,0,,2.12,3750,9900,1
729,2023-03-17,Campanha B,Conjunto de Anuncio K,Anuncio S,100,425,0,,4.25,3050,5750,2
730,2023-03-17,Campanha B,Conjunto de Anuncio K,Anuncio T,950,150,0,,0.16,3700,9950,0
731,2023-03-17,Campanha B,Conjunto de Anuncio K,Anuncio U,700,300,250,1.2,0.43,4500,9000,2
732,2023-03-17,Campanha B,Conjunto de Anuncio L,Anuncio S,150,225,0,,1.5,4550,9000,0
733,2023-03-17,Campanha B,Conjunto de Anuncio L,Anuncio T,250,425,0,,1.7,4100,5950,2
734,2023-03-17,Campanha B,Conjunto de Anuncio L,Anuncio U,150,275,0,,1.83,4250,8450,2
735,2023-03-17,Campanha B,Conjunto de Anuncio M,Anuncio S,800,225,0,,0.28,4050,6350,0
736,2023-03-17,Campanha B,Conjunto de Anuncio M,Anuncio T,1050,275,0,,0.26,3200,6000,0
737,2023-03-17,Campanha B,Conjunto de Anuncio M,Anuncio U,1050,175,0,,0.17,3050,7650,1
738,2023-03-17,Campanha C,Conjunto de Anuncio K,Anuncio S,100,325,0,,3.25,3750,9600,1
739,2023-03-17,Campanha C,Conjunto de Anuncio K,Anuncio T,850,325,200,1.62,0.38,4750,9350,2
740,2023-03-17,Campanha C,Conjunto de Anuncio K,Anuncio U,300,400,150,2.67,1.33,3550,5100,2
741,2023-03-17,Campanha C,Conjunto de Anuncio L,Anuncio S,100,150,0,,1.5,4500,8450,2
742,2023-03-17,Campanha C,Conjunto de Anuncio L,Anuncio T,1100,250,900,0.28,0.23,3250,8400,2
743,2023-03-17,Campanha C,Conjunto de Anuncio L,Anuncio U,400,375,0,,0.94,4800,7600,2
744,2023-03-17,Campanha C,Conjunto de Anuncio M,Anuncio S,200,150,0,,0.75,4200,7800,3
745,2023-03-17,Campanha C,Conjunto de Anuncio M,Anuncio T,550,175,450,0.39,0.32,3000,6950,0
746,2023-03-17,Campanha C,Conjunto de Anuncio M,Anuncio U,100,300,0,,3.0,3900,9050,3
747,2023-03-17,Campanha D,Conjunto de Anuncio K,Anuncio S,400,350,0,,0.88,4250,5150,2
748,2023-03-17,Campanha D,Conjunto de Anuncio K,Anuncio T,150,150,0,,1.0,3150,8200,2
749,2023-03-17,Campanha D,Conjunto de Anuncio K,Anuncio U,600,300,0,,0.5,4550,5550,0
750,2023-03-17,Campanha D,Conjunto de Anuncio L,Anuncio S,850,250,0,,0.29,3450,8700,3
751,2023-03-17,Campanha D,Conjunto de Anuncio L,Anuncio T,1050,425,0,,0.4,4500,5200,2
752,2023-03-17,Campanha D,Conjunto de Anuncio L,Anuncio U,1250,325,200,1.62,0.26,3200,7700,2
753,2023-03-17,Campanha D,Conjunto de Anuncio M,Anuncio S,100,150,0,,1.5,4600,9600,1
754,2023-03-17,Campanha D,Conjunto de Anuncio M,Anuncio T,900,425,600,0.71,0.47,3150,5950,1
755,2023-03-17,Campanha D,Conjunto de Anuncio M,Anuncio U,1450,250,0,,0.17,3300,8350,0
756,2023-03-17,Campanha E,Conjunto de Anuncio K,Anuncio S,1250,350,0,,0.28,3200,8650,1
757,2023-03-17,Campanha E,Conjunto de Anuncio K,Anuncio T,300,425,0,,1.42,3700,7850,2
758,2023-03-17,Campanha E,Conjunto de Anuncio K,Anuncio U,1150,250,0,,0.22,4850,8200,2
759,2023-03-17,Campanha E,Conjunto de Anuncio L,Anuncio S,1200,325,0,,0.27,3650,7000,0
760,2023-03-17,Campanha E,Conjunto de Anuncio L,Anuncio T,450,300,0,,0.67,4850,8550,2
761,2023-03-17,Campanha E,Conjunto de Anuncio L,Anuncio U,900,350,0,,0.39,4550,9650,3
762,2023-03-17,Campanha E,Conjunto de Anuncio M,Anuncio S,1250,375,1150,0.33,0.3,3650,8400,1
763,2023-03-17,Campanha E,Conjunto de Anuncio M,Anuncio T,1250,175,0,,0.14,3900,9600,2
764,2023-03-17,Campanha E,Conjunto de Anuncio M,Anuncio U,950,275,650,0.42,0.29,4000,5850,0
765,2023-03-18,Campanha A,Conjunto de Anuncio K,Anuncio S,1150,425,250,1.7,0.37,4450,9300,1
766,2023-03-18,Campanha A,Conjunto de Anuncio K,Anuncio T,1000,250,0,,0.25,4900,7900,1
767,2023-03-18,Campanha A,Conjunto de Anuncio K,Anuncio U,800,325,0,,0.41,3800,8950,1
768,2023-03-18,Campanha A,Conjunto de Anuncio L,Anuncio S,800,300,0,,0.38,4600,8500,1
769,2023-03-18,Campanha A,Conjunto de Anuncio L,Anuncio T,1350,200,550,0.36,0.15,3500,8600,0
770,2023-03-18,Campanha A,Conjunto de Anuncio L,Anuncio U,150,150,0,,1.0,4150,9550,0
771,2023-03-18,Campanha A,Conjunto de Anuncio M,Anuncio S,850,400,100,4.0,0.47,3750,7950,0
772,2023-03-18,Campanha A,Conjunto de Anuncio M,Anuncio T,500,375,0,,0.75,3600,7950,0
773,2023-03-18,Campanha A,Conjunto de Anuncio M,Anuncio U,250,175,0,,0.7,3550,8700,2
774,2023-03-18,Campanha B,Conjunto de Anuncio K,Anuncio S,400,175,0,,0.44,3300,9500,0
775,2023-03-18,Campanha B,Conjunto de Anuncio K,Anuncio T,1350,350,1150,0.3,0.26,4350,5100,2
776,2023-03-18,Campanha B,Conjunto de Anuncio K,Anuncio U,1050,300,750,0.4,0.29,4400,6850,2
777,2023-03-18,Campanha B,Conjunto de Anuncio L,Anuncio S,300,150,0,,0.5,4200,9550,0
778,2023-03-18,Campanha B,Conjunto de Anuncio L,Anuncio T,950,225,0,,0.24,3150,6850,2
779,2023-03-18,Campanha B,Conjunto de Anuncio L,Anuncio U,500,425,300,1.42,0.85,4600,9150,1
780,2023-03-18,Campanha B,Conjunto de Anuncio M,Anuncio S,650,350,150,2.33,0.54,4950,7200,0
781,2023-03-18,Campanha B,Conjunto de Anuncio M,Anuncio T,200,225,50,4.5,1.12,3000,5850,0
782,2023-03-18,Campanha B,Conjunto de Anuncio M,Anuncio U,250,225,0,,0.9,4600,7600,1
783,2023-03-18,Campanha C,Conjunto de Anuncio K,Anuncio S,200,350,0,,1.75,4950,5100,1
784,2023-03-18,Campanha C,Conjunto de Anuncio K,Anuncio T,350,150,250,0.6,0.43,3450,7000,0
785,2023-03-18,Campanha C,Conjunto de Anuncio K,Anuncio U,1300,350,0,,0.27,4300,7100,0
786,2023-03-18,Campanha C,Conjunto de Anuncio L,Anuncio S,950,425,0,,0.45,3150,8400,0
787,2023-03-18,Campanha C,Conjunto de Anuncio L,Anuncio T,200,150,0,,0.75,4200,6700,0
788,2023-03-18,Campanha C,Conjunto de Anuncio L,Anuncio U,600,250,0,,0.42,4300,7500,0
789,2023-03-18,Campanha C,Conjunto de Anuncio M,Anuncio S,300,425,0,,1.42,3350,9900,0
790,2023-03-18,Campanha C,Conjunto de Anuncio M,Anuncio T,550,275,0,,0.5,4000,9450,0
791,2023-03-18,Campanha C,Conjunto de Anuncio M,Anuncio U,850,250,0,,0.29,3150,5250,1
792,2023-03-18,Campanha D,Conjunto de Anuncio K,Anuncio S,950,325,600,0.54,0.34,4350,5750,2
793,2023-03-18,Campanha D,Conjunto de Anuncio K,Anuncio T,700,275,0,,0.39,3200,7450,0
794,2023-03-18,Campanha D,Conjunto de Anuncio K,Anuncio U,1450,175,950,0.18,0.12,3100,6450,1
795,2023-03-18,Campanha D,Conjunto de Anuncio L,Anuncio S,1400,325,300,1.08,0.23,4950,6150,2
796,2023-03-18,Campanha D,Conjunto de Anuncio L,Anuncio T,250,150,100,1.5,0.6,3250,9550,2
797,2023-03-18,Campanha D,Conjunto de Anuncio L,Anuncio U,1450,425,900,0.47,0.29,3150,9500,2
798,2023-03-18,Campanha D,Conjunto de Anuncio M,Anuncio S,400,300,0,,0.75,4750,6200,2
799,2023-03-18,Campanha D,Conjunto de Anuncio M,Anuncio T,800,175,200,0.88,0.22,4600,8350,2
800,2023-03-18,Campanha D,Conjunto de Anuncio M,Anuncio U,300,350,0,,1.17,4900,7950,3
801,2023-03-18,Campanha E,Conjunto de Anuncio K,Anuncio S,100,225,0,,2.25,4100,6900,3
802,2023-03-18,Campanha E,Conjunto de Anuncio K,Anuncio T,1250,175,600,0.29,0.14,3700,8350,2
803,2023-03-18,Campanha E,Conjunto de Anuncio K,Anuncio U,150,425,50,8.5,2.83,3400,6500,0
804,2023-03-18,Campanha E,Conjunto de Anuncio L,Anuncio S,1150,325,0,,0.28,4800,5150,2
805,2023-03-18,Campanha E,Conjunto de Anuncio L,Anuncio T,800,350,0,,0.44,4800,8200,2
806,2023-03-18,Campanha E,Conjunto de Anuncio L,Anuncio U,150,400,0,,2.67,3800,6500,2
807,2023-03-18,Campanha E,Conjunto de Anuncio M,Anuncio S,800,200,650,0.31,0.25,3250,8800,2
808,2023-03-18,Campanha E,Conjunto de Anuncio M,Anuncio T,550,275,0,,0.5,4400,6550,0
809,2023-03-18,Campanha E,Conjunto de Anuncio M,Anuncio U,1000,225,200,1.12,0.22,3600,9550,1
810,2023-03-19,Campanha A,Conjunto de Anuncio K,Anuncio S,200,400,0,,2.0,3650,5500,0
811,2023-03-19,Campanha A,Conjunto de Anuncio K,Anuncio T,200,350,0,,1.75,4300,6450,0
812,2023-03-19,Campanha A,Conjunto de Anuncio K,Anuncio U,550,225,300,0.75,0.41,4000,8100,1
813,2023-03-19,Campanha A,Conjunto de Anuncio L,Anuncio S,1400,400,250,1.6,0.29,4350,5150,1
814,2023-03-19,Campanha A,Conjunto de Anuncio L,Anuncio T,900,350,600,0.58,0.39,4850,8000,0
815,2023-03-19,Campanha A,Conjunto de Anuncio L,Anuncio U,1450,325,500,0.65,0.22,3900,9250,3
816,2023-03-19,Campanha A,Conjunto de Anuncio M,Anuncio S,850,375,450,0.83,0.44,3300,7200,2
817,2023-03-19,Campanha A,Conjunto de Anuncio M,Anuncio T,150,150,0,,1.0,3600,8450,2
818,2023-03-19,Campanha A,Conjunto de Anuncio M,Anuncio U,400,225,300,0.75,0.56,4400,8900,1
819,2023-03-19,Campanha B,Conjunto de Anuncio K,Anuncio S,600,375,0,,0.62,3450,8950,0
820,2023-03-19,Campanha B,Conjunto de Anuncio K,Anuncio T,800,375,500,0.75,0.47,3850,9100,0
821,2023-03-19,Campanha B,Conjunto de Anuncio K,Anuncio U,550,175,100,1.75,0.32,4750,5350,1
822,2023-03-19,Campanha B,Conjunto de Anuncio L,Anuncio S,700,275,0,,0.39,3750,6800,0
823,2023-03-19,Campanha B,Conjunto de Anuncio L,Anuncio T,850,425,0,,0.5,4850,6900,3
824,2023-03-19,Campanha B,Conjunto de Anuncio L,Anuncio U,500,325,0,,0.65,4450,6400,1
825,2023-03-19,Campanha B,Conjunto de Anuncio M,Anuncio S,250,175,0,,0.7,4000,8250,2
826,2023-03-19,Campanha B,Conjunto de Anuncio M,Anuncio T,1300,300,1150,0.26,0.23,3400,9950,0
827,2023-03-19,Campanha B,Conjunto de Anuncio M,Anuncio U,750,300,250,1.2,0.4,3950,8000,1
828,2023-03-19,Campanha C,Conjunto de Anuncio K,Anuncio S,800,275,0,,0.34,3100,5550,3
829,2023-03-19,Campanha C,Conjunto de Anuncio K,Anuncio T,250,400,0,,1.6,3000,8150,2
830,2023-03-19,Campanha C,Conjunto de Anuncio K,Anuncio U,1200,300,250,1.2,0.25,4850,5150,0
831,2023-03-19,Campanha C,Conjunto de Anuncio L,Anuncio S,1150,350,0,,0.3,4550,5150,0
832,2023-03-19,Campanha C,Conjunto de Anuncio L,Anuncio T,1400,250,0,,0.18,3350,5600,1
833,2023-03-19,Campanha C,Conjunto de Anuncio L,Anuncio U,400,250,0,,0.62,4000,6200,2
834,2023-03-19,Campanha C,Conjunto de Anuncio M,Anuncio S,500,175,0,,0.35,4650,5650,2
835,2023-03-19,Campanha C,Conjunto de Anuncio M,Anuncio T,1450,300,1050,0.29,0.21,3600,7200,2
836,2023-03-19,Campanha C,Conjunto de Anuncio M,Anuncio U,550,250,0,,0.45,4550,5800,2
837,2023-03-19,Campanha D,Conjunto de Anuncio K,Anuncio S,1250,300,1000,0.3,0.24,4750,7950,0
838,2023-03-19,Campanha D,Conjunto de Anuncio K,Anuncio T,1450,250,100,2.5,0.17,3550,8500,0
839,2023-03-19,Campanha D,Conjunto de Anuncio K,Anuncio U,1400,200,1100,0.18,0.14,3800,6450,0
840,2023-03-19,Campanha D,Conjunto de Anuncio L,Anuncio S,250,275,0,,1.1,3800,8050,1
841,2023-03-19,Campanha D,Conjunto de Anuncio L,Anuncio T,450,250,0,,0.56,4150,7200,0
842,2023-03-19,Campanha D,Conjunto de Anuncio L,Anuncio U,1000,325,0,,0.32,4500,8400,1
843,2023-03-19,Campanha D,Conjunto de Anuncio M,Anuncio S,500,250,0,,0.5,4350,8400,1
844,2023-03-19,Campanha D,Conjunto de Anuncio M,Anuncio T,250,400,0,,1.6,4900,7050,2
845,2023-03-19,Campanha D,Conjunto de Anuncio M,Anuncio U,500,300,0,,0.6,3350,8000,3
846,2023-03-19,Campanha E,Conjunto de Anuncio K,Anuncio S,500,150,0,,0.3,4400,6800,0
847,2023-03-19,Campanha E,Conjunto de Anuncio K,Anuncio T,900,175,0,,0.19,3900,8800,0
848,2023-03-19,Campanha E,Conjunto de Anuncio K,Anuncio U,700,375,0,,0.54,4350,7350,2
849,2023-03-19,Campanha E,Conjunto de Anuncio L,Anuncio S,850,225,0,,0.26,4400,9850,0
850,2023-03-19,Campanha E,Conjunto de Anuncio L,Anuncio T,400,200,150,1.33,0.5,3800,5500,2
851,2023-03-19,Campanha E,Conjunto de Anuncio L,Anuncio U,1450,375,1350,0.28,0.26,4850,7250,1
852,2023-03-19,Campanha E,Conjunto de Anuncio M,Anuncio S,100,200,0,,2.0,4000,7750,0
853,2023-03-19,Campanha E,Conjunto de Anuncio M,Anuncio T,1200,225,150,1.5,0.19,3350,5500,0
854,2023-03-19,Campanha E,Conjunto de Anuncio M,Anuncio U,1100,275,650,0.42,0.25,3850,7050,2
855,2023-03-20,Campanha A,Conjunto de Anuncio K,Anuncio S,850,200,0,,0.24,4250,6650,0
856,2023-03-20,Campanha A,Conjunto de Anuncio K,Anuncio T,850,275,0,,0.32,4650,8250,0
857,2023-03-20,Campanha A,Conjunto de Anuncio K,Anuncio U,550,425,400,1.06,0.77,4400,8800,0
858,2023-03-20,Campanha A,Conjunto de Anuncio L,Anuncio S,1250,300,400,0.75,0.24,3500,7100,0
859,2023-03-20,Campanha A,Conjunto de Anuncio L,Anuncio T,1200,425,0,,0.35,4650,7300,3
860,2023-03-20,Campanha A,Conjunto de Anuncio L,Anuncio U,850,150,0,,0.18,3650,6350,2
861,2023-03-20,Campanha A,Conjunto de Anuncio M,Anuncio S,1050,350,400,0.88,0.33,4800,7650,3
862,2023-03-20,Campanha A,Conjunto de Anuncio M,Anuncio T,600,150,0,,0.25,3200,5550,1
863,2023-03-20,Campanha A,Conjunto de Anuncio M,Anuncio U,200,225,0,,1.12,4050,7350,0
864,2023-03-20,Campanha B,Conjunto de Anuncio K,Anuncio S,1250,175,0,,0.14,3400,6350,2
865,2023-03-20,Campanha B,Conjunto de Anuncio K,Anuncio T,1100,325,0,,0.3,3750,9650,2
866,2023-03-20,Campanha B,Conjunto de Anuncio K,Anuncio U,450,300,100,3.0,0.67,4300,9000,2
867,2023-03-20,Campanha B,Conjunto de Anuncio L,Anuncio S,1150,375,800,0.47,0.33,3700,8600,2
868,2023-03-20,Campanha B,Conjunto de Anuncio L,Anuncio T,600,350,300,1.17,0.58,4200,5850,0
869,2023-03-20,Campanha B,Conjunto de Anuncio L,Anuncio U,1150,175,650,0.27,0.15,3050,9500,0
870,2023-03-20,Campanha B,Conjunto de Anuncio M,Anuncio S,400,425,0,,1.06,3500,7750,1
871,2023-03-20,Campanha B,Conjunto de Anuncio M,Anuncio T,1450,350,0,,0.24,3350,8250,0
872,2023-03-20,Campanha B,Conjunto de Anuncio M,Anuncio U,1250,375,0,,0.3,4400,6150,1
873,2023-03-20,Campanha C,Conjunto de Anuncio K,Anuncio S,1150,250,800,0.31,0.22,3100,9500,2
874,2023-03-20,Campanha C,Conjunto de Anuncio K,Anuncio T,500,375,200,1.88,0.75,3800,7850,2
875,2023-03-20,Campanha C,Conjunto de Anuncio K,Anuncio U,1050,350,0,,0.33,4200,5150,1
876,2023-03-20,Campanha C,Conjunto de Anuncio L,Anuncio S,400,325,0,,0.81,3450,6400,2
877,2023-03-20,Campanha C,Conjunto de Anuncio L,Anuncio T,300,200,0,,0.67,3950,6000,1
878,2023-03-20,Campanha C,Conjunto de Anuncio L,Anuncio U,1000,225,450,0.5,0.22,4450,6450,1
879,2023-03-20,Campanha C,Conjunto de Anuncio M,Anuncio S,1000,325,850,0.38,0.32,3600,6100,0
880,2023-03-20,Campanha C,Conjunto de Anuncio M,Anuncio T,300,175,0,,0.58,4050,8050,0
881,2023-03-20,Campanha C,Conjunto de Anuncio M,Anuncio U,1400,300,1000,0.3,0.21,4950,8250,3
882,2023-03-20,Campanha D,Conjunto de Anuncio K,Anuncio S,150,200,0,,1.33,3750,8950,1
883,2023-03-20,Campanha D,Conjunto de Anuncio K,Anuncio T,1200,175,50,3.5,0.15,3400,9550,1
884,2023-03-20,Campanha D,Conjunto de Anuncio K,Anuncio U,300,250,0,,0.83,3400,5150,1
885,2023-03-20,Campanha D,Conjunto de Anuncio L,Anuncio S,400,150,0,,0.38,3250,7450,2
886,2023-03-20,Campanha D,Conjunto de Anuncio L,Anuncio T,500,200,0,,0.4,3100,8000,0
887,2023-03-20,Campanha D,Conjunto de Anuncio L,Anuncio U,400,200,0,,0.5,4150,8600,0
888,2023-03-20,Campanha D,Conjunto de Anuncio M,Anuncio S,950,175,0,,0.18,4650,9850,0
889,2023-03-20,Campanha D,Conjunto de Anuncio M,Anuncio T,1450,400,0,,0.28,4050,6400,1
890,2023-03-20,Campanha D,Conjunto de Anuncio M,Anuncio U,300,425,0,,1.42,3650,6050,1
891,2023-03-20,Campanha E,Conjunto de Anuncio K,Anuncio S,700,425,0,,0.61,3800,6500,2
892,2023-03-20,Campanha E,Conjunto de Anuncio K,Anuncio T,300,175,0,,0.58,3000,8950,1
893,2023-03-20,Campanha E,Conjunto de Anuncio K,Anuncio U,1350,200,0,,0.15,3750,6700,2
894,2023-03-20,Campanha E,Conjunto de Anuncio L,Anuncio S,1250,300,400,0.75,0.24,3600,6600,1
895,2023-03-20,Campanha E,Conjunto de Anuncio L,Anuncio T,1450,150,0,,0.1,3100,9800,0
896,2023-03-20,Campanha E,Conjunto de Anuncio L,Anuncio U,1100,400,0,,0.36,4350,7350,2
897,2023-03-20,Campanha E,Conjunto de Anuncio M,Anuncio S,250,175,0,,0.7,3300,9700,1
898,2023-03-20,Campanha E,Conjunto de Anuncio M,Anuncio T,400,150,0,,0.38,4500,7050,1
899,2023-03-20,Campanha E,Conjunto de Anuncio M,Anuncio U,1050,175,0,,0.17,3400,8750,1
900,2023-03-21,Campanha A,Conjunto de Anuncio K,Anuncio S,1300,225,300,0.75,0.17,3800,9650,2
901,2023-03-21,Campanha A,Conjunto de Anuncio K,Anuncio T,1450,275,0,,0.19,3400,7200,1
902,2023-03-21,Campanha A,Conjunto de Anuncio K,Anuncio U,1100,250,100,2.5,0.23,3900,6950,2
903,2023-03-21,Campanha A,Conjunto de Anuncio L,Anuncio S,1000,150,0,,0.15,3900,9600,0
904,2023-03-21,Campanha A,Conjunto de Anuncio L,Anuncio T,500,325,0,,0.65,3750,5600,0
905,2023-03-21,Campanha A,Conjunto de Anuncio L,Anuncio U,1250,200,350,0.57,0.16,4500,6850,0
906,2023-03-21,Campanha A,Conjunto de Anuncio M,Anuncio S,250,175,0,,0.7,3150,9650,0
907,2023-03-21,Campanha A,Conjunto de Anuncio M,Anuncio T,900,375,0,,0.42,4400,9300,1
908,2023-03-21,Campanha A,Conjunto de Anuncio M,Anuncio U,750,325,650,0.5,0.43,4250,6450,2
909,2023-03-21,Campanha B,Conjunto de Anuncio K,Anuncio S,1200,325,550,0.59,0.27,3950,8500,0
910,2023-03-21,Campanha B,Conjunto de Anuncio K,Anuncio T,800,275,0,,0.34,4600,9000,1
911,2023-03-21,Campanha B,Conjunto de Anuncio K,Anuncio U,1100,150,0,,0.14,4150,8300,0
912,2023-03-21,Campanha B,Conjunto de Anuncio L,Anuncio S,100,275,0,,2.75,4900,9200,0
913,2023-03-21,Campanha B,Conjunto de Anuncio L,Anuncio T,750,325,0,,0.43,3800,5000,2
914,2023-03-21,Campanha B,Conjunto de Anuncio L,Anuncio U,150,325,0,,2.17,4150,5600,1
915,2023-03-21,Campanha B,Conjunto de Anuncio M,Anuncio S,500,375,0,,0.75,3700,9250,0
916,2023-03-21,Campanha B,Conjunto de Anuncio M,Anuncio T,450,175,0,,0.39,3700,5550,1
917,2023-03-21,Campanha B,Conjunto de Anuncio M,Anuncio U,800,275,0,,0.34,4950,6400,0
918,2023-03-21,Campanha C,Conjunto de Anuncio K,Anuncio S,1250,400,0,,0.32,4900,5150,2
919,2023-03-21,Campanha C,Conjunto de Anuncio K,Anuncio T,850,325,0,,0.38,4150,5000,1
920,2023-03-21,Campanha C,Conjunto de Anuncio K,Anuncio U,250,275,0,,1.1,3050,7050,0
921,2023-03-21,Campanha C,Conjunto de Anuncio L,Anuncio S,400,325,0,,0.81,3100,6200,2
922,2023-03-21,Campanha C,Conjunto de Anuncio L,Anuncio T,1300,325,550,0.59,0.25,3400,6350,3
923,2023-03-21,Campanha C,Conjunto de Anuncio L,Anuncio U,600,325,0,,0.54,4750,5850,0
924,2023-03-21,Campanha C,Conjunto de Anuncio M,Anuncio S,1250,425,0,,0.34,3500,8450,2
925,2023-03-21,Campanha C,Conjunto de Anuncio M,Anuncio T,1200,325,950,0.34,0.27,4100,5000,2
926,2023-03-21,Campanha C,Conjunto de Anuncio M,Anuncio U,650,300,0,,0.46,3250,6000,1
927,2023-03-21,Campanha D,Conjunto de Anuncio K,Anuncio S,900,250,0,,0.28,3300,5050,2
928,2023-03-21,Campanha D,Conjunto de Anuncio K,Anuncio T,300,325,0,,1.08,3050,9100,2
929,2023-03-21,Campanha D,Conjunto de Anuncio K,Anuncio U,150,275,0,,1.83,3850,7050,3
930,2023-03-21,Campanha D,Conjunto de Anuncio L,Anuncio S,250,425,0,,1.7,3050,9250,0
931,2023-03-21,Campanha D,Conjunto de Anuncio L,Anuncio T,100,350,0,,3.5,4800,6450,0
932,2023-03-21,Campanha D,Conjunto de Anuncio L,Anuncio U,300,225,0,,0.75,3750,8550,1
933,2023-03-21,Campanha D,Conjunto de Anuncio M,Anuncio S,1050,400,0,,0.38,4400,9500,0
934,2023-03-21,Campanha D,Conjunto de Anuncio M,Anuncio T,950,150,850,0.18,0.16,3050,9100,0
935,2023-03-21,Campanha D,Conjunto de Anuncio M,Anuncio U,100,400,0,,4.0,4250,5800,1
936,2023-03-21,Campanha E,Conjunto de Anuncio K,Anuncio S,1000,250,0,,0.25,4300,5700,2
937,2023-03-21,Campanha E,Conjunto de Anuncio K,Anuncio T,550,275,0,,0.5,3800,9700,0
938,2023-03-21,Campanha E,Conjunto de Anuncio K,Anuncio U,300,350,0,,1.17,3550,9650,0
939,2023-03-21,Campanha E,Conjunto de Anuncio L,Anuncio S,1300,150,0,,0.12,3200,9600,1
940,2023-03-21,Campanha E,Conjunto de Anuncio L,Anuncio T,1000,375,0,,0.38,3250,6950,2
941,2023-03-21,Campanha E,Conjunto de Anuncio L,Anuncio U,400,350,0,,0.88,4300,8150,1
942,2023-03-21,Campanha E,Conjunto de Anuncio M,Anuncio S,1400,225,50,4.5,0.16,4450,5100,0
943,2023-03-21,Campanha E,Conjunto de Anuncio M,Anuncio T,800,425,0,,0.53,4800,9550,0
944,2023-03-21,Campanha E,Conjunto de Anuncio M,Anuncio U,600,150,50,3.0,0.25,4800,7000,0
